-- phpMyAdmin SQL Dump
-- version 5.2.1
-- https://www.phpmyadmin.net/
--
-- Servidor: 127.0.0.1
-- Tiempo de generación: 01-08-2025 a las 09:58:36
-- Versión del servidor: 10.4.32-MariaDB
-- Versión de PHP: 8.2.12

SET SQL_MODE = "NO_AUTO_VALUE_ON_ZERO";
START TRANSACTION;
SET time_zone = "+00:00";


/*!40101 SET @OLD_CHARACTER_SET_CLIENT=@@CHARACTER_SET_CLIENT */;
/*!40101 SET @OLD_CHARACTER_SET_RESULTS=@@CHARACTER_SET_RESULTS */;
/*!40101 SET @OLD_COLLATION_CONNECTION=@@COLLATION_CONNECTION */;
/*!40101 SET NAMES utf8mb4 */;

--
-- Base de datos: `testv2`
--

-- --------------------------------------------------------

--
-- Estructura de tabla para la tabla `apertura`
--

CREATE TABLE `apertura` (
  `id` int(11) NOT NULL,
  `id_periodo` int(11) NOT NULL,
  `id_relacion_cuestionario_programa` int(11) NOT NULL,
  `activo` tinyint(1) NOT NULL
) ENGINE=InnoDB DEFAULT CHARSET=utf8mb4 COLLATE=utf8mb4_spanish_ci;

--
-- Volcado de datos para la tabla `apertura`
--

INSERT INTO `apertura` (`id`, `id_periodo`, `id_relacion_cuestionario_programa`, `activo`) VALUES
(1, 1, 1, 0),
(2, 2, 1, 0),
(3, 2, 2, 0),
(4, 1, 2, 0),
(5, 3, 2, 1),
(6, 5, 1, 1);

-- --------------------------------------------------------

--
-- Estructura de tabla para la tabla `asignacion`
--

CREATE TABLE `asignacion` (
  `id` int(11) NOT NULL,
  `id_apertura` int(11) NOT NULL,
  `id_estudiante` int(11) NOT NULL
) ENGINE=InnoDB DEFAULT CHARSET=utf8mb4 COLLATE=utf8mb4_spanish_ci;

-- --------------------------------------------------------

--
-- Estructura de tabla para la tabla `campus`
--

CREATE TABLE `campus` (
  `id` int(11) NOT NULL,
  `nombre` varchar(255) NOT NULL
) ENGINE=InnoDB DEFAULT CHARSET=utf8mb4 COLLATE=utf8mb4_spanish_ci;

--
-- Volcado de datos para la tabla `campus`
--

INSERT INTO `campus` (`id`, `nombre`) VALUES
(1, 'Cartagena'),
(2, 'Barranquilla');

-- --------------------------------------------------------

--
-- Estructura de tabla para la tabla `cuestionario`
--

CREATE TABLE `cuestionario` (
  `id` int(11) NOT NULL,
  `titulo` varchar(255) NOT NULL,
  `descripcion` text DEFAULT NULL,
  `tiempo_limite` time NOT NULL DEFAULT '00:40:00'
) ENGINE=InnoDB DEFAULT CHARSET=utf8mb4 COLLATE=utf8mb4_spanish_ci;

--
-- Volcado de datos para la tabla `cuestionario`
--

INSERT INTO `cuestionario` (`id`, `titulo`, `descripcion`, `tiempo_limite`) VALUES
(1, 'Matematicoa', 'Responda', '00:40:00'),
(2, 'RA2 - Medicina Familiar - SNIES:6575', 'Este cuestionario consta de 20 preguntas de selección con única respuesta, las cuales deberá responder en un tiempo límite de 40 minutos.\r\n\r\nTenga en cuenta que solo tiene 1 (un) intento para realizar la prueba.', '00:40:00');

-- --------------------------------------------------------

--
-- Estructura de tabla para la tabla `docente`
--

CREATE TABLE `docente` (
  `id` int(11) NOT NULL,
  `nombre` varchar(100) NOT NULL,
  `email` varchar(100) NOT NULL,
  `identificacion` varchar(100) NOT NULL,
  `password` varchar(255) NOT NULL,
  `fecha_registro` timestamp NOT NULL DEFAULT current_timestamp(),
  `programa_id` int(11) DEFAULT NULL
) ENGINE=InnoDB DEFAULT CHARSET=utf8mb4 COLLATE=utf8mb4_spanish_ci;

--
-- Volcado de datos para la tabla `docente`
--

INSERT INTO `docente` (`id`, `nombre`, `email`, `identificacion`, `password`, `fecha_registro`, `programa_id`) VALUES
(1, 'ADMIN', 'admin', '1', '$2y$10$kVBhr6Cx0QyHyje9QrDTg.L67NYliD2.sldu3tyfh7g98.hYncW1O', '2025-07-07 14:55:32', NULL),
(3, 'Jose Gracia', 'jose@email.com', '1008254632', '$2y$10$GxLsAcMN5VTd0Ofl9ImDDe/YtMrcJ3CNVqWkZaX5ANaEXJ3azTyoi', '2025-07-08 16:30:03', 10),
(4, 'Arnulfo Ramirez', 'aram@email.com', '1007565841', '$2y$10$5vqeTyZZOMH5rqQMKDoWf.4PbsrzWKMfUZ2EAKVa1jriDhSwbGzya', '2025-07-08 16:36:17', NULL),
(5, 'Alvaro Guzman', 'alvag@email.com', '45485868', '$2y$10$0ijGEKo3p2sQT2K8cI2cFuKJ9myiLrrPChg.3RWcyi4KPZkIURhRy', '2025-07-10 13:34:57', NULL),
(6, 'Jesus Campos', 'jCampos@email.com', '26113021', '$2y$10$5vqeTyZZOMH5rqQMKDoWf.4PbsrzWKMfUZ2EAKVa1jriDhSwbGzya', '2025-07-14 21:28:01', 1);

-- --------------------------------------------------------

--
-- Estructura de tabla para la tabla `estudiante`
--

CREATE TABLE `estudiante` (
  `id` int(11) NOT NULL,
  `email` varchar(255) NOT NULL,
  `identificacion` varchar(50) DEFAULT NULL,
  `nombre` varchar(255) NOT NULL,
  `id_programa` int(11) NOT NULL,
  `estado` tinyint(1) NOT NULL DEFAULT 1
) ENGINE=InnoDB DEFAULT CHARSET=utf8mb4 COLLATE=utf8mb4_spanish_ci;

--
-- Volcado de datos para la tabla `estudiante`
--

INSERT INTO `estudiante` (`id`, `email`, `identificacion`, `nombre`, `id_programa`, `estado`) VALUES
(1, 'diego@email.com', '1007260262', 'Diego Roman', 10, 0),
(2, 'victico@porvenir.com', '123456789', 'Victico Porvenir', 10, 0),
(3, 'denzel@eeuu.com', '987654321', 'Denzel Washington', 1, 1);

-- --------------------------------------------------------

--
-- Estructura de tabla para la tabla `intento_cuestionario`
--

CREATE TABLE `intento_cuestionario` (
  `id` int(11) NOT NULL,
  `id_estudiante` int(11) NOT NULL,
  `id_apertura` int(11) NOT NULL,
  `fecha_inicio` datetime NOT NULL DEFAULT current_timestamp(),
  `fecha_fin` datetime DEFAULT NULL,
  `completado` tinyint(1) NOT NULL DEFAULT 0,
  `puntaje_total` decimal(10,2) DEFAULT NULL
) ENGINE=InnoDB DEFAULT CHARSET=utf8mb4 COLLATE=utf8mb4_spanish_ci;

-- --------------------------------------------------------

--
-- Estructura de tabla para la tabla `nivel`
--

CREATE TABLE `nivel` (
  `id` int(11) NOT NULL,
  `nombre` varchar(255) NOT NULL,
  `puntaje_maximo` int(11) NOT NULL
) ENGINE=InnoDB DEFAULT CHARSET=utf8mb4 COLLATE=utf8mb4_spanish_ci;

--
-- Volcado de datos para la tabla `nivel`
--

INSERT INTO `nivel` (`id`, `nombre`, `puntaje_maximo`) VALUES
(1, 'Tecnico', 100),
(2, 'Tecnologo', 200),
(3, 'Profesional', 300),
(4, 'Especializacion', 300);

-- --------------------------------------------------------

--
-- Estructura de tabla para la tabla `opcion_respuesta`
--

CREATE TABLE `opcion_respuesta` (
  `id` int(11) NOT NULL,
  `id_pregunta` int(11) NOT NULL,
  `texto_opcion` text NOT NULL,
  `opcion_correcta` tinyint(1) NOT NULL,
  `orden` int(11) NOT NULL,
  `imagen_opcion` mediumblob DEFAULT NULL,
  `nombre_imagen_opcion` varchar(255) DEFAULT NULL
) ENGINE=InnoDB DEFAULT CHARSET=utf8mb4 COLLATE=utf8mb4_spanish_ci;

--
-- Volcado de datos para la tabla `opcion_respuesta`
--

INSERT INTO `opcion_respuesta` (`id`, `id_pregunta`, `texto_opcion`, `opcion_correcta`, `orden`, `imagen_opcion`, `nombre_imagen_opcion`) VALUES
(1, 1, '4', 1, 0, NULL, NULL),
(2, 1, '96', 0, 1, NULL, NULL),
(3, 2, '1!', 0, 0, NULL, NULL),
(4, 2, '2', 0, 1, NULL, NULL),
(5, 2, 'Vaya y coma mnda', 1, 2, NULL, NULL),
(6, 3, 'Dificultad para el cuidado de personas frágiles (ancianos, enfermos, niños).', 0, 0, NULL, NULL),
(7, 3, 'Cambio de foco de búsqueda de la supervivencia familiar a la supervivencia individual.', 0, 1, NULL, NULL),
(8, 3, 'Incapacidad de los miembros para desempeñar los roles y las tareas habituales.', 0, 2, NULL, NULL),
(9, 3, 'Facilidad de toma de decisiones y resolución de problemas.', 1, 3, NULL, NULL),
(10, 4, 'Violencia psicológica y física', 1, 0, NULL, NULL),
(11, 4, 'Violencia física y sexual', 0, 1, NULL, NULL),
(12, 4, 'Violencia sexual y económica', 0, 2, NULL, NULL),
(13, 4, 'Violencia económica y física', 0, 3, NULL, NULL),
(14, 5, 'Fortalecer la autoestima y las redes de apoyo, mejorar hábitos alimentarios y el régimen de ejercicios según edad.', 1, 0, NULL, NULL),
(15, 5, 'Realizar régimen de ejercicios alternado con periodos de serenidad y siesta.', 0, 1, NULL, NULL),
(16, 5, 'Controlar peso, realizar periodos de quietud y controlar los niveles de glicemia diariamente.', 0, 2, NULL, NULL),
(17, 5, 'Controlar diariamente la tensión arterial, dormir y realizar actividades físicas.', 0, 3, NULL, NULL),
(18, 6, 'Cobertura sanitaria universal', 0, 0, NULL, NULL),
(19, 6, 'Incrementar la inversión gubernamental', 0, 1, NULL, NULL),
(20, 6, 'Reglamentar las políticas publicas', 1, 2, NULL, NULL),
(21, 6, 'Ampliar las intervenciones intersectoriales', 0, 3, NULL, NULL),
(22, 7, 'Una necesidad básica de la familia', 0, 0, NULL, NULL),
(23, 7, 'Una política de familia', 0, 1, NULL, NULL),
(24, 7, 'Una de las funciones de la familia', 1, 2, NULL, NULL),
(25, 7, 'Un derecho de la familia', 0, 3, NULL, NULL),
(26, 8, 'Familia homoparental', 0, 0, NULL, NULL),
(27, 8, 'Familia extensa', 1, 1, NULL, NULL),
(28, 8, 'Familia Reconstituida', 0, 2, NULL, NULL),
(29, 8, 'Familia nuclear', 0, 3, NULL, NULL),
(30, 9, 'Explora como la familia bloquea o facilita el inicio de acciones académicas, recreativas o laborales.', 1, 0, NULL, NULL),
(31, 9, 'Como responden los miembros de la familia con las expresiones positivas o negativas.', 0, 1, NULL, NULL),
(32, 9, 'Explora el tiempo, el espacio y el dinero de la familia.', 0, 2, NULL, NULL),
(33, 9, 'Como se relacionan los miembros de la familia en tiempo de crisis.', 0, 3, NULL, NULL),
(34, 10, 'Distribuir el diagnostico en la población educativa', 1, 0, NULL, NULL),
(35, 10, 'Mostrar los resultados y acuerdos alcanzados entre las partes', 0, 1, NULL, NULL),
(36, 10, 'Divulgar el enfoque y metodología utilizada', 0, 2, NULL, NULL),
(37, 10, 'Exponer las metas a alcanzar con el desarrollo del proyecto', 0, 3, NULL, NULL),
(38, 11, 'Primaria', 0, 0, NULL, NULL),
(39, 11, 'Biopsicosocial', 1, 1, NULL, NULL),
(40, 11, 'Tradicional', 0, 2, NULL, NULL),
(41, 11, 'Biológico', 0, 3, NULL, NULL),
(42, 12, 'Familia Reconstituida', 0, 0, NULL, NULL),
(43, 12, 'Familia en etapa de nido vacío', 0, 1, NULL, NULL),
(44, 12, 'Familia en plataforma de lanzamiento', 0, 2, NULL, NULL),
(45, 12, 'Familia en etapa de expansión con hijos preescolar', 1, 3, NULL, NULL),
(46, 13, 'Falta identificar los recursos de la familia.', 0, 0, NULL, NULL),
(47, 13, 'No se diagrama la persona índice.', 0, 1, NULL, NULL),
(48, 13, 'Falta diagramar las generaciones.', 1, 2, NULL, NULL),
(49, 13, 'No se diagraman las relaciones.', 0, 3, NULL, NULL),
(50, 14, 'Realizar evaluaciones psicológicas exhaustivas de Carlos.', 0, 0, NULL, NULL),
(51, 14, 'Derivar a Carlos a un terapeuta de lenguaje.', 0, 1, NULL, NULL),
(52, 14, 'Recetar medicamentos para tratar la timidez', 0, 2, NULL, NULL),
(53, 14, 'Fomentar un entorno de apoyo y comunicación abierta en la familia adoptiva.', 1, 3, NULL, NULL),
(54, 15, 'La rehabilitación', 0, 0, NULL, NULL),
(55, 15, 'La educación sanitaria', 1, 1, NULL, NULL),
(56, 15, 'La hospitalización', 0, 2, NULL, NULL),
(57, 15, 'La curación', 0, 3, NULL, NULL),
(58, 16, 'Resolución positiva de las crisis evolutivas', 0, 0, NULL, NULL),
(59, 16, 'Potencialidad de los estadios del ser humano', 0, 1, NULL, NULL),
(60, 16, 'Defectos de los estadios del ser humano', 1, 2, NULL, NULL),
(61, 16, 'Virtudes de los estadios de ser humano', 0, 3, NULL, NULL),
(62, 17, 'Considerar las necesidades y preferencias del paciente en el plan de atención.', 1, 0, NULL, NULL),
(63, 17, 'Enfocarse exclusivamente en la enfermedad del paciente.', 0, 1, NULL, NULL),
(64, 17, 'Hacer un diagnóstico sin tener en cuenta la historia del paciente.', 0, 2, NULL, NULL),
(65, 17, 'Realizar tratamientos sin involucrar a la familia del paciente.', 0, 3, NULL, NULL),
(66, 18, 'Test de Holmes.', 0, 0, NULL, NULL),
(67, 18, 'Ecomapa.', 0, 1, NULL, NULL),
(68, 18, 'Apgar Familiar.', 0, 2, NULL, NULL),
(69, 18, 'Familiograma.', 1, 3, NULL, NULL),
(70, 19, 'Extensa', 1, 0, NULL, NULL),
(71, 19, 'Reconstituida', 0, 1, NULL, NULL),
(72, 19, 'Nuclear', 0, 2, NULL, NULL),
(73, 19, 'Monoparental', 0, 3, NULL, NULL),
(74, 20, 'Familia en la que los hijos han crecido y se han independizado.', 1, 0, NULL, NULL),
(75, 20, 'Familia con adolescentes en pleno desarrollo.', 0, 1, NULL, NULL),
(76, 20, 'Familia con hijos en edad preescolar.', 0, 2, NULL, NULL),
(77, 20, 'Familia con un solo hijo.', 0, 3, NULL, NULL),
(78, 21, 'Recetar medicamentos para la presión arterial alta.', 0, 0, NULL, NULL),
(79, 21, 'Realizar pruebas de laboratorio para evaluar sus niveles de glucosa en sangre.', 0, 1, NULL, NULL),
(80, 21, 'Evaluar la salud emocional y mental de Carlos, incluyendo su adaptación a la jubilación.', 1, 2, NULL, NULL),
(81, 21, 'Derivar a Carlos a un especialista en sueño.', 0, 3, NULL, NULL),
(82, 22, 'Familiograma.', 0, 0, NULL, NULL),
(83, 22, 'Ecomapa.', 1, 1, NULL, NULL),
(84, 22, 'Apgar Familiar.', 0, 2, NULL, NULL),
(85, 22, 'Test de Holmes.', 0, 3, NULL, NULL);

-- --------------------------------------------------------

--
-- Estructura de tabla para la tabla `periodo`
--

CREATE TABLE `periodo` (
  `id` int(11) NOT NULL,
  `nombre` varchar(255) NOT NULL,
  `fecha_inicio` date NOT NULL,
  `fecha_fin` date NOT NULL,
  `activo` tinyint(1) NOT NULL
) ENGINE=InnoDB DEFAULT CHARSET=utf8mb4 COLLATE=utf8mb4_spanish_ci;

--
-- Volcado de datos para la tabla `periodo`
--

INSERT INTO `periodo` (`id`, `nombre`, `fecha_inicio`, `fecha_fin`, `activo`) VALUES
(1, '2025-01', '2025-07-16', '2025-07-21', 0),
(2, '2025-2', '2025-07-17', '2025-07-22', 0),
(3, '2025-3', '2025-07-23', '2025-07-31', 1),
(4, 'Periodo Test EndPoint PUT', '2025-07-24', '2025-07-26', 1),
(5, 'Periodo Test UI', '2025-07-25', '2025-08-01', 1);

-- --------------------------------------------------------

--
-- Estructura de tabla para la tabla `preguntas`
--

CREATE TABLE `preguntas` (
  `id` int(11) NOT NULL,
  `id_cuestionario` int(11) NOT NULL,
  `texto_pregunta` text NOT NULL,
  `orden_pregunta` int(11) NOT NULL,
  `peso_pregunta` decimal(5,2) NOT NULL,
  `imagen_pregunta` mediumblob DEFAULT NULL,
  `nombre_imagen_pregunta` varchar(255) DEFAULT NULL
) ENGINE=InnoDB DEFAULT CHARSET=utf8mb4 COLLATE=utf8mb4_spanish_ci;

--
-- Volcado de datos para la tabla `preguntas`
--

INSERT INTO `preguntas` (`id`, `id_cuestionario`, `texto_pregunta`, `orden_pregunta`, `peso_pregunta`, `imagen_pregunta`, `nombre_imagen_pregunta`) VALUES
(1, 1, '¿Cuanto es 2+2?', 0, 150.00, NULL, NULL),
(2, 1, 'Responda 1-1+2/1*1', 1, 150.00, NULL, NULL),
(3, 2, 'En las crisis en la familia se emplean mecanismos para afrontarlas, como lo son las redes de apoyo. Haciendo énfasis en el desplazamiento forzado, como la crisis que compromete el núcleo familiar, en muchos casos afronta diversas pérdidas dentro de la familia y de las redes de apoyo, así como la inmersión en comunidades nuevas y desconocidas, unido a la carencia económica. ¿Cuál de los siguientes NO es un Indicador específico de una crisis familiar?', 0, 9.49, NULL, NULL),
(4, 2, 'Laura y Juan son hermanitos, sus padres difícilmente mantiene en casa, Orlando el padre trabaja desde las 5 am hasta las 8. 00 pm, al igual que su madre Alicia; familia nuclear formada por 4 personas. Laura y Juan mantienen juntos en casa siempre esperando a sus padres, sin embargo, cuando llegan sus padres constantemente riñen en presencia de Laura y Juan. Orlando el padre siempre le reclama a Alicia sobre las cosas que debería cumplir cuando no mantiene en casa, por lo general Orlando golpea a la madre en presencia de ellos, los niños tapan los oídos evitando escuchar más las constantes reclamaciones de sus padres. En la escuela el niño Juan mantiene en riña con los demás compañeritos mientras que Laura mantiene retraída y con bajo rendimiento académico. De acuerdo con la descripción anterior, se está ante un caso de maltrato que evidencia violencia de tipo', 1, 12.56, NULL, NULL),
(5, 2, 'Durante la visita domiciliaria a la familia Martinez González compuesto por mamá de 55 años, papá de 60 años y dos hijos de 21 y 19 años, respectivamente, como trabajador del área de la salud usted identifica factores de riesgo familiar asociados a enfermedades cardiovasculares y diabetes no controladas ambas por antecedentes maternos. Usted debe orientar un plan para fomentar estilos de vida saludable teniendo en cuenta los factores de riesgo y para ello le sugiere a la familia', 2, 17.67, NULL, NULL),
(6, 2, 'Un sistema de salud basado en la atención primaria, orienta sus estructuras y funciones hacia los valores de la equidad y la solidaridad social, y el derecho de todo ser humano a gozar del grado máximo de salud que se pueda lograr sin distinción de raza, religión, ideología política o condición económica o social. Para lograr su implementación, la prioridad seria', 3, 20.28, NULL, NULL),
(7, 2, 'Al traer los hijos al mundo mediante la procreación, la familia se encuentra íntimamente relacionada con la defensa de la vida, ya que la familia asegura la continuidad de la especie, vela por la salud física y mental de sus miembros, desarrollando acciones de cuidado y protección. El enunciado se refiere a', 4, 9.49, NULL, NULL);
INSERT INTO `preguntas` (`id`, `id_cuestionario`, `texto_pregunta`, `orden_pregunta`, `peso_pregunta`, `imagen_pregunta`, `nombre_imagen_pregunta`) VALUES
(8, 2, 'El familiograma es una herramienta que valora las relaciones intrafamiliares. Al analizar el siguiente familiograma se puede decir que la tipología de esta familia es', 5, 12.56, 0x89504e470d0a1a0a0000000d494844520000010b000000ae0802000000ae91bfec000000017352474200aece1ce90000000467414d410000b18f0bfc6105000000097048597300000ec300000ec301c76fa8640000001874455874536f667477617265005061696e742e4e455420352e312e381b69eaa8000000b66558496649492a000800000005001a010500010000004a0000001b010500010000005200000028010300010000000200000031010200100000005a00000069870400010000006a00000000000000600000000100000060000000010000005061696e742e4e455420352e312e3800030000900700040000003032333001a00300010000000100000005a00400010000009400000000000000020001000200040000005239380002000700040000003031303000000000ab802113539e382800007fe249444154785eecfd579064599adf891d75ef75adb57b689d3ab32a4b77891683c10c06c06081dd256103d20c2f34bed00ce0c33eec036c6846dad8bed0962f84d1164b905ca0318b999e9e69552d4ba5a8d42132b40e0fd7fafad547f0c12323232322332333abbb2b0bf9b3b014f7ba5fbf71fdfccff9ce77bef37d5008015ef18a573c0674f8c02b5ef18a03bc52c82b5ef1245e29e415af7812af14f28a573c89570a79c52b9ec42b85bce2154fe295425ef18a27f14a21af78c59378a59057bce249bc52c82b5ef1245e29e415af7812af14f28a573c89570a79c52b9e047c15dbfb020853d7d4ae4e29f306827eaf07c243e785ae756d2630c604010089dbadec9de1acd36ee9a62d497220182288ab5dc3e7f7630401008253b5abfb7c7e841eb9a2e0bcd36e21c5ed9690aa197e7f80e0577ddc6f17fc6ffecdbf397cec15270516976efc5ffe87ff672a1ddad8aa647339893cd25e05b33ffdf94feecccefde2d3ebc26a943a62209be89dea366b57aedfda5cbefb3ffe4f7ff5e67b1faabb8b9fde5d1b1d48fef8fbffeee3abb303d9f8af7ef569ffd0904b960e5e100271ed67ffe1fff6fff8ff9ebb706e677d2b964c4a041f7cc12bbe725e8d212f4471e1caffe9bfff1fff9bfffdffeedcd9b3cbf7bedcaeb4cf9d1af9fc8b9b1843af0b0753c392d93400989edffcd66b63d893147aad69c2ffea9ffd530f01d468fdf97ff77f8ebdfe4ffeb7df99fcf12fbf80dcc96473573efdc4c6de7ff427df5b5e5c1dc8c4169637645f249bf06ee46bdffda37f34968dac2dcefddfff87ff2b4f9df9b33ffd6364b7ee2f2ce786c65666ee4e5d7ed7afa09d8dd5aa06ce4ff45dbf7edd1b88015beb32904da5cc6ea77fe2c2b7debc7068507ac553793546bf101000ead8cd960aa1d8d95afff5c73f999d9b9b5bdd69d4cab663cddcb9b3343bbdbc559224a9b6bb7a7f71796b63ed97bffa55b169600caf7dfc9fe72be24ffffe7b8de2cefdf9e5d5f99995b5b5a58d0ab7bacbab6bb3776f7ffae9a78572adda68548bc5cf3ffe787a7d0700c0a1f22fff0fffc7e2ad9ffde0e7d7eae5e2ed5bd76697766137ffd9f5bbf1b06f6b75f9c73ffad1fcc2d2c2aefaadf7de589c9b8d0f9e5e9abead71f6931ffdd876e8e15fe0154fe395425e08cb3415afff83ef7c3b00b5d5f51dc5ad58b68d3182100a2e18a39431c7b61cc7b61ddaae16e696361142b6439bc5adffd7bfffcf97defd707dfadaad851d669bb5669b32462402b8304d5b20697868004aaeb72e9d5a5d98a5029aa605386bd6cadef8d07fffdffdeba8072e2edcd7290444f97b7ff20ffd2e970fdbebdb799920c3b203a1702a11531425991b98181b501b8d5832f56a00790ebeb1569610c2619c33615a8ee33059c29244108610000821421023747862fdec74dbf562b991e91f90005ddfd8e29c7b7c3ec618460863c49840803180208004038772b5ab614cb203436e443736b7dd5eaf63d98148a4552d31808301bfae1b84205976d986faf94fffea67379663c9beffcd7ffb4ffc2ec91f4df72583b57245f204823ea5d3e9361b55cda41e5fb03f13ebeab64f01cb6b5b8c037fc00f004ea762a562c11749b980bdb9b513cff6c5c3c1c3bfc02b9ec6374a2142806aa3bb596836db86e550c638e342918944a0ed704a1907000280204408c912caa64203a990d72b6308e18bcbe5ab85b38d958572cb084563e32343bfc7de5ff4fa1b0028e58db6ae1bb64d996d33cb660ea50ee59471cab81022e477a562fe7422a048e4f0555e5abe390a59cf37e656ca84c0a14c2412722b32712b9224e1832305e7820bc1997018ebea56bedc29d554d3721489e49281fe4c38e477ff97608a50ca28e39409c639e38231de3bd2eb530ccba9d4bbdbc5b65b21b1b0c7a1dca18c320e04f0fb148f4b92089124ac102c4988604c08920886403454b35aef561add64d47f763c15f4b90e7ff04bc83744219b85d6ec52e1adf303f188f7f0b913d0ee9a6bdbf55f5c5b9108f997ffe4f5a0ff9bf0d51e8252deee9aa59a5aaa776a4d1d4048204418610c0942846009238c21c61821d0e95aa1802b1af4fa3cb2226159262e99e093adbd50c657b66a73cba533e3a9a9e13deff6cbcb374121ab3bf599a5c2079747a241cfe173cf4257b7ae4d6f571add78d8170dba93317f2ae67fb996e43817a64d2d9b9a16d54d47376d4a99e53055b36a4dcdad4899642015f1a713fedff6428a69d1cfef6e84fcaed7a6722ff5b0fcd22ba452576f2f14de7f6dc8eb960f9f7b2e28e3b566b7de324a35b5ded61184bd756e0000440001d49bb34008208208c0de3f200410c2de39080080a067ddedfd7fef3ce8fd0f4108108060ef0c84004000018408400101025e97140b79033e450068d9d47618e71c40880080104a12762ba4f7398cf1cd626b6bb7d9510d873121a04450afcbf7b824974224092b12f17b5d91804b92f0ef72ba65d9f417d7562606e36303b1c3e75e1e5e6e856886fdf1174b6f9cedcfa5be7a2f8d008052663bacf788840042000e00e04208ce01101c70c185104280fd3ff9febf7bd3dbbdc3bdb73fb812077c6f02fcf0207ff01e01806638ad8ea19936e0c2e5920846bd6e980b0180a00eb71c16f4bbbc6eb95453a321cf482e160ab8888408c2047f8dbc0eba695fb9b3f5de6b836ee591e08097889758215c883bf3bb10c0d74e65c1539b84108e637301644539f85a21b86d3b870e7e1de05c30ce01d81bb37a6dbef75d092118178d96ded5ad7422e071c95f1b451cc3fdd55247b3de3a3ff035bec727f1122ba4d5316f2dec7c747904a3134c15b8f5f18f7f0a08f146fb2e5f3c2361288410427046abb556341e9508860008017ac6d14b6d3a7fadd04de757d7562e9fed4bc5fc87cfbd0cbcac0ae15c7c72737d201d1ae98f1e3e773cf4a73ffaf8fc99a1fffcd73fc98c4e790950bbaa69d8be70d84548b359f7f8433e8fd468742291a8cbe57efb9db71f8d42fc8622e8dcdd5b1d0ba6fa8786b309c6a843298448912500a0d6ae2dae174673f12e93d2c9280400f69647f6ff06a037d73a78c9a3cc2c1729e517a6325fc11aedef9c975521c56ae7f6fceef7de1e53e4932d4e09ebaffff2af22b1c8c6c68e2b18f512a13b8c3b1c22ead88003ee7149aaaeb9dd7e08493a117bfb5b1f2827bbf0d71ac1001700e1dec8780c82fee287ff71b36a069283e3d9703ebfd36ad5892fd19f4967b2d974d4ff9fbeffbf441343d9814cb7dd0200c5e351c6ec46b3635b96608e90bc018f2b9cc88c0d651ff30100005069688b1b95b7cff7ffb61d68bf0d5e56852c6d569b1de3cdb3fd8ffbea0f2378b3d16000f97d3ecb30884c6cdbe64c00d833ee05355a57aedff1c7b2e7cf4c793d6eafe7255e12118cf2da26abae0ba323000410625f14a7275030090ecdd8b8f3f1df7cbfd2858d6a299e1d8cf85ced4edd171fa6adfcc0d9b74f0d2516eecfcddeb82e27fa0b5b5be9745a09c6527e76e5fab43b941c49059a8683017087e3dffbe87d053ff69bb01d7ae5eee6dbe7075d2f61aff3b22a64abd85cdeac7df4c6c809d72b18e7dbe59a61d16434e426d0252b0002c7d405565c3d378be08d5ad57098d7eb0b04020fa621a2abaa94018fcf2b1fe8ffaa2d6b66bdb3ef057e02428080079f1d09cabf2ba38d9b5d67e9734014a9ef0cf2c5004282daa259b07767b1374286df80f8805b49b0f5e5858ec5a3d178a751f3f803d43205e08d466378f25cd44b6a2d2de026a56aad5a6fa7b3598f221b5aab54ae4b2e4fd0e7268ac7d0bad1782a12f21dbc87a35cb9bb796a34157e0997625f56856886fd9b1b6bef5d1c0c05dc87cf1d876ae8fff38fbfb875fbde7ff347df9d48873c129d5dce9f3e35eef6fa250410220208b78cbff8e4576bbb8d73975e3f3d328008762cfdeeed1bb58e7dfee21ba958c0e3d9db45b8b4a3d6dbce78cefbd467c7b8985debbc7d26e273ff2eba4fd1addb4b9f90be0b383e7cc8b212cca11b7780a34b63ef02f2a4b523b3dbaab68d743a494ee20239195fceec0cf745e2e1e78978f8fdf2b22aa4d72de592c1814cf8f089e3d01cfe3ffde0c7ab45f3ed01d92b1c55331d0ed211bf2188d6692513f162a9fafef7fe68edce6785ae7061eac5d084d8326c975b128c538e5d049e7ee3fde14c1800b092ef3a4c9c1a78ba7386717175ae71712cf8bb508810f6c2af496a024572874f3dc059bf0531260317f7fe2fd8f2fd99b6854e9f99525bcd583c7e22c7e0b3737d667b7c201679b1a087df0bbf95c7f1bbc1e5926c871d3efa1898d9de585800826a9d4eb3d9b2a95064d2d5f46ea7d9520ddb3254ddd075dd11e0c2e5b7467389dd6a4dd334c9e52518d88e639906941ed8633dbe7e1d0bcdcf4157008533874f1c8064a7586397772a0f0e88c2d6cadd3bb7ae5dbbb5b2b4f4e5d52feecedcbf7dfbceccccf4ad3b3316fdca7e49cec5535d5e5f4f5ee2316479b36a39ecec58eaf089e3d02de7d70b858ee1bc3114eb8f78f63d94cb73b797b76be72fbd9e4944648970c620c6500887328420e7a2b730d28b0c210fa6222bf9ae43c5a9c1138e21cd8b63419ffbb7ebc61166d7beff0b69e27de47b8afb9b969678a7228fbe0d100182feea47ff2b080e62b3526dd9a66506e3094499db858412f9ce7b6f7c55adfa8b3b1be727327eef5e228b978897389383e5b076c7c82402874f1c0741c2c7cd91989b1bdd56b3d16cab5e9f1f70164b6686878762919044088410f5f607224408c618f7fec4182384d001f3a3d1b13907f1d0c3ef9b73d6eea89cb342a1e4f507f627f142c0edad525c9d237a8577aaac53169d2ad76a5c6bf3fa8e604e6f910140080467ad1292ddfbde26d629014b83aea74c827bf0c68e6036494fed4f3f0467ed76071159573b002be481af09b902bcb281824948142058bbd5e91b9e48477d1ddd8e27527dd994655a18e3482c118984c909bc114f8573b1b9dbcca542afbcbdbf535aaab1b05e7dfb7cffe113c7229c1fffdd8f6321ff66a513f1e2368c7cfbf2d8c73ff8c1f9effee35383271a850e72740c599efeb26248719731b3a5fee37ff887d27e2be7e0ea4cf9acb2e18536ce4c0221402f74ab5375d66f227f1445fa00b500a35c6fd1f20a498d215f5c4008a84d8b8b104b247b0a4aeebd4849220349015886448644065806080100014274f32ef286716278ff96d6eedfde6ad0b72f4dfdfca73f7ffd3bff281b7e68223aeb37713883c2d9fd23bf5574cbb9766febbd8b83275dbcfa3af1128f2108a1ed62b33f1d3e912500c1c2ec6ca7dd46be582ee613de54c2c397d65634878c0ef53feb5aefd131e4f6f52ba55235d23705adb63f9af1baf69a821062a76a67870724ab01152f0aa5a1cb8f5c7e617448ee0c2012494fe0c4088ef60bab4b5253d0e597062ea2704674eb52ee2c8ef4714b23f121a878a0e4e67a8b6ede0244164687b58abcb860cdfc94161781d6e0f56da9ef1c94f7dda962e6f6f59d7c6165637bb758ca8d4cc6830f9d7e426f0b21902f02389dbe75bdda682fcddfcfef6edfb937af78fd66bb6630e47d90daebc5b9bf5a2108f6a5422fe354e4259ea923042184ba691f3e712c9c7abdfebefe7e97841dca31609566f7c3effc3d89764ddb39fce26767686c3cdb9735dad5603c15f41ef4a5426caba253819e10ddbac7ebdbbc5de28d1d56dd109c01c7a2f959de2ed3ad7b42ad43d9c5ebdbacb1cb8b4b426b004280ec127a8bb54b80730080e854a02b086c03873338d227849047df22f121dea90088807cd0f10d078646fbfa062ebff1e6c5b3a703879a3b268033000080a056dedededa5edaaec523211bb9e361dfddabbffee517776cf6d5181786e514aaedc15cf4250d757b89ad2ccec58dd9ed91fed809bdec42885e3c110460dfb122c4f3f8588e5a597bd707e0509c12e3e0c6ade53371cbe3c24c6db2caaad47f9e56369037808229411d565c22b101d6d8c1c93180259a9f83bea86897707a0aca1e0081b00d5a58903293b4ba817c511cc9d1f20a441237551c4cc2401c02c08d2e2d2eb92fff13401e51c2e37e3b5a5a018291f42410cec73ff88f060cec36ad3f7c77eac66ae33b1747e61616d6d7b7ffe84fffeb4cec4473bc27d368eb57ef6e7defddb19774f3fa4b6c6501001b6dc3a13c163a81975d0843d71dc624221ddc3f411d9b7170647fa9e876bb103e76dfe9512bab278c8771ea0f10426cd541ba2fe30ac670380311118e051122fde7913f89bc1184086beee2c4084e8c207710ba3cbcb64592e338da0f25196009ca1e00386f95201038da0f051710d1ed7b4072417f0c3826efd6597905d83ac99e868f2e051e2b0f0000ef5400c23daf1726ae74ae2f9b8cc762b16020e0f5b8b3fd839944d8e50b7a5d4f5a583c218db6aeead6702efab89bf99af3128f210080b59d7ab9d67dfbe209f61e70fbafbeff1f1b3a7def7bff6030e1e75c208431465db58388ec76299c73c6182144082001eb173ffbf9c8a5f7fa921145968f9a07c78e21c7c238b87a6bfd9cafec91b800100ace3a1524b9a1370401141002e6b04e0507e290c80240c81933da28908498008020460011c0286b167072046009220410160041442082b4ba25d40ac99e76b6ee91beb3f8f16b8507a15b77a12f8aa34f757208ce39422fe480ba35b7130d79877291c3275e125e6e8594ebddebd3db7ff4fec409dc88ec6ffed7ff24793cba6653ca74bd2d2b3e2e84d7eb07dc71b95cd572d9b6ac4c7fb65caa8463b16ea32efb829ca38f3efa30933abc89f4591422aeced62f8efa1fac87ecedb87df06ff0d8a8dbc388434187c2b1d8ee7d01210ea66879153007ba7cd2f01b075f733c82db0b9f4a8317a1270400608ccecfdd1f3d7d5681820bf16018840841a3db9c5bdc78edd285de41ce79ef02bdd87701c05317e02d875eb9b3f9dea521597aea17f435e5a5b6b200826023df48c5fc6ed7d33679726763337ff99df7b46a81b8fd6eaf5b9164b7d763593602dcedf34b047b3d6edd3239878c5259511022815064b03fe7711f8eb73bd6ca3a1621c04ed54cc7dcb24c00440022b0b7c9fdc1cf4979541e5a8be667703009b1c45a05a9ef3c0ec49dfc2c8af41d32b48ec29bbb5c6be0c40844180060b4ab3ffff81724985cb977edc6edbbf96231bfb9b1516c24c3ae5b37ef6c6c6ed5ca3b1d0729429b9d5d2817b6efcdcc6defecd46ab599e959572415f43ce9212cac57149964138197d4c47ae9c71000c017b7379251ffd8e0e16efe304218a6292b8a608ee530f46027506f8590738e20a48c0120b800124696c31499088814593efadd3edb18f255c765b1da26abef90d418ab6f432c93ec2940640084bdf439f2c54876ea7088fb41a86d2f7e829363383e040010ccb97bf35aa952db6ad861c976a81008d66b755f24f387ef4cfde437771dab0988f73b7fef0f457df5fe56cb05cc8ddd6a2018d0d576d7121ffcfd3f7df3f4c0e18f788069d38fbf587ae36c5f3afe15ccf87f5fbcf40ad9dc6d6e169aef5d1a7c7a18fc832db60000c16947d503c1c0e39bd293f8bd2984da4e7e16208c8349565ec7b14114c93cd403b3adf9dfc8236f41cf63f35ad0e222ef54e4f1f7004400002158bbd55114a5d96a638c11040200dbb625c51d0df9ebb59a8098513b108eb92551adb509410e6592ac20c10c9b06c311ff6336d2082166964aedaef1dea5a1a313b99788975e210080ab77371311dfe81353ce7047bf373d9f48655c6ed9b199d723ab9ae1f7f90a3b9b40f1c7c3c16028f4748d3d6039df352d7efa90b7b797d2a7b7210bf46618827271fd7ee3b589d08b2b44585d67679684d29c73d1cc93fef3d07d5809bcbee56cde9146de44c1544f030761f56d9a9f93273f80ca89fce32f425b35bf9cddfee88d91134c11bfd67c131452ac75aedcd9fce3f7a79e301b6166f3873ffa3933b416951d537ff3ddb78aebab957a13601c09465a8deab7ffc13fed4f1e6e708f63b3a4df5868f85c0440c88d0e94dd104b502d7201a13f0920949c1610c296824cef2afec0fbe7636ee5051a8a10acb1c3ab1b3839c25a258025297b0a600900c0395f5e5e9e9999595b5b7be38d37bef39defb0eaa63dfb5332701185b238dab777014ba7f969d6a9c8131f204fe8c095e9dd1bd7c2d9f1c15c1200b0b3b66000cfd8c831be4166b4a7efafc4d27dd974b2d79330ead894bb5dc7cc4328e3bfb8ba726a2471c2bd095f67be090a316dfafffbbb3bdfba343431143f7c6e1f6e7dfec927c57295136f28e091880c05e3109aa6611b86c3c5db1ffc417ff240d3791a4200010068eeb2561ef75d0046abbeb152f24c4e0e47318240abf3f21a1ab8c0f2b338d287022f909c93515a98079ce1681f2d2ee3681f8ae4f62d2bcef90f7ef0833ffbb33f334df35fffeb7ffd177ff117503067fd0657abbcba8562430e13121640309c1823b9d3bdd9f9c1ab7ff1ab1f69dcdb693487c7c776d71699ec0dba5d0eb3bba618e94f552a15c3b482b1b41f690b6bc5a189d33e89164a15cba290331bc9c968209a1a3c3df6d0712c04985e2ab4bbe67b17071fb7a0f412f14d500800e0d6fd9d46dbf8f69ba34fb09438e73d7f2542e8c0fa371282f71c97cfea6fe1ad02ab6c90810bc2ecb2ca4a277cbad02153033e8221e0ccd9b88d63fd8051ae3548f63438dc344f8430bb4e7e167ba30041d62c91fe33c8f348af6c9ae65ffcc55ffcf99fff39e7fc9ffff37ffe6fffedbff510c0caabd017156acd219ecada72e6c25bc41b82f858338f7dfef31fd54c6cd6ab1dc693b148a9b0dbdf3fc4a9d9eae8dd66253338d2ee18949904495eb76252c699130afaeb4d0b319db8b0c0de37de7e672497de7f783be5d695db1b7ff2d1e9af2a0be6ef976f884238179fddde48c57c93432fd05b3f0b5cadb1ca2ae9bf20ac2e2d2e4bfde71bb654a81a5303815e9c39ef9479bb423253cef634498d41f733fa738460cd5d56db208911de29038048eecc5199fdf4a73ffd97fff25f562a953ffee33ffef6b7bffd2ffec5bf082a90d7b7a0e2130050e4d95d5bef7feded4305161f22d8faf2a24121a30e9649b7d3f5fa7d9c3aa5ad75777a6238eeae363b12910082d4d4a8206eaf8f00c77218840842402449d7f4dcf078fcc1e6c1ae6efdfccaf2a553b9c1ec4b6f5ff5f886280400d0e95a9fdd5a7fe36c5f227aa20d152f026f976961411a7a0d704a0b0b247716bafc75d53ea890ded2354e4df06e1d30e7605cfad3119c161681a3a3708e55d651288d63034767de42883ffff33fff8bbff88b898989ef7ffffbe3e3e30000ae5644a7061040ee9069d19d9dcaf0c5d71eab90e311c57cde17893fce4f752c428076d7bc72777330133e3d9a3c7cfaa5e5e55e313c8822139722dd59d8cd2402f26f33488eeb4d565995075f07d4a13bb3387b1a79820000c366aa4ee321e5a1739353a1375130c9eadbc81f3b3207381e61769d8d9b50f142c5c31b3b247b0a85d2c7ae2d42082f5dba140a85feeccffeecf2e5cbbd956fa1350167c236903f66763b4d03c652c993a4653900f40782cf1468a876adabf7369736ab53c38989c1f8b3daab5f679ea96bf9bad39f0e4d0cc6afdcddb2ecdf56494baed6e8e65d929e1240d0e23c19b880bc8f3527a037ccd53a8008ca5ede2a1c3e7d1c4e73b7b37c93fa9246b75ddf5edd14711d28ed76bb97c3f7288140e05ffdab7ff5ddef7ef761a3a40e44187006b1c41d8be213e58279113a9af5c9adf5743cf0271f4e8df5c7be49f2f84659593d38170bebe595edfa7b170763278b8a3f395c6fb3c202c99d1182d3cddb247bfaa093eaa8950500a085794814e88bb2c202197ced50480867b4d9a85b0e23b2cb2d6197b6dbde9e9daf91a8a8970d1c1c3d5fcae71dc6d323a75f3b337ec20db1b4b800b1ccb516c98cb7b656b6ccc8e953031239d17b4f8eedb076d7ac36b462b5536f6aef5c1cc8a6425ff1677c3df8e658593d20848988cfe751aededbaab7f578d8fb55ad5809bd49776648ee14925c746756ca9d42fe479ccbc758590040c9cdeadb389c13561702005d8f2c321addf6a7bffad9f4dcc2fada5aa0b5118c27b02f6015375b4a7cbe645e7afd82a0d6f64e416bd613b941dfc936fdf16611ca6ee098c81f375ab5b6f02562c167b4b28ea7abdbb5a6b65d6cdd9ccb4f2f156bcd2e2168281779e35c7fc8effe0a3ee06bc9376d0cd9c7a16c7eb5bc536a5d3c95cb249e33ba641f6174687e0e6726a1a4d08ddb38317a34e9ceb163080080eede478104c4126be649f6ccc15386d6b9f1e5f56eb51814dd60dfe4503aa497d7d7c5c0f060b2d43032f160a3a3b66a15c381175e7b2de83dd1bc996ede82fe84e8d67166b2b536b7c573a7c753cf34863894d936331daae9b661395dcd6aaa86aad912411e9714f0b9fa52a168d083bf4e854a7e7b7c6315d2a3dae85e9fde2612be34994944fdcff7850ab3ebec4c93f424527ccece3d1ce943a1c3f278824284d664cd6d923e4df3b33839fac830c299535ce27a0b47fb59651d4772243ed42b0f8231067b2985b910f0a44b6f823b1b377138cbd53a498d37d7e7b6c0c0e9d1f89315e2384cd5ad524d5535aba59aba61638c24823c2ed9ad487eaf1c0a78c201b722ff4e4b587d4df8862b0400c0382f54d5e98502c6f0cc583a1ef6620c31daabeaf45484a93a5bf7486a1c79c3ced65d14caec87721ca2deb1772ac6449fefb04298c3f2b32431c2cc0ed05a387b66af3c1bb3e8ce2c503c48f1d27a1e67a69e30e93f2182da6c671a47fb845a45f191f6d6d20e1e3a331c7e9c421cca66168b9bc5a6db25c5425ec3729251df40262c4bf8a97b3ffe0be19baf901e9c8b524d5d58afb45503614410f6b8a570c09d8cfa22218f2291633b47412dba790f2786a127e86c4f637f14c7868e75bc02007493cdacb5f72b183e7cae10c8ea2e341a4e74dc5dbe6b444f732500bb95a0baa6bbd3d0ee28887782e3407243201c06da5d3b1a909f14c1fe7820d55df54527d087f5aa13e887cd1dcfe0d9897edfc1798810a0ab5bd5a6566f693bc5562619bc30917919b3b2ff6ef82f452107b11da69b8eaa998d965e6968adaee175c96383f1a14c081fe8ff85a5399bb748621485d2747b1aba83c7aefa353bc6da4ebddd356d9bba64e2f52821bf2b19f3bb65096188200410004ec5f61d983e05b59a601c40c8d52a890ed0da16f2c7d0812cd4a6cd374bda58ee91367d72b8de62e5351c1f14ed328ae444ab80d293bd534208c3a4abdbb5ed62d3a1221af684fcaee15cc4f7c42d50aff82f512187104254eadda5ad6ab5ae057ccad448329b0840ce9cad3b38da8f7c516767062a3e921a3bb4aacdb958dda9cdaf558673d158c8ed5224c3a29daed9568d6a53b31d267a953e21c418c16e0d61a47883d1e2e75660104533a8bee5cf8d06527d5e97e4714b2e8500001d26368bfa48c6734223f010ac5bb7ca9bdc9f323b4d0df9ea95b2e3cb31c7b129d30cdbb2e9403a3c948b84839ee7b9fa7f91bc52c84328e7a5aa3abd54f0cae89cbb18ca8da068cec9cf412293e4f841e3aaab5b2b5bf5f57c3de4775f3e930bf81eeb65ea4dbb1913cc368de56bd4b18480ad4e97fb332236a2dbacab59bae99896d3cb14cc18d02d3192f57bdc32c18871ce99604230c619179c0bc619a58271ee50c67a857805105c70008000d0d6a1d5c62eb722495eb714f2606f728060a048c4eb9142febdea0eaf38392f9f4228eb6511f82d0139b517bebc3a57861353c3e7fc0d0e314e9f820f7b74b8be5b9f5e2c0e66c323b968c0e73ac1cd400084a86f5bcb579481734eab0cf4a67ce14f0ee6b6120230ce39e7aae12c6f75d211d9b41dc60482006304112408610c114218414210c648c21821887a35da218410220441b706b41a945c48f10966420061b8ef0477f83be5c45e92af052f9942ea1d677eb3f3dbaae70481a08eaf36e37812566060f6cb6bb9b01c1d3b2f7a094a000010d49bddf995c2a53303de9ef9fed4870721a096b7b9c00572048a54aed506fe48d18b6d39278592877b74082813adae1d0b284f99a81ffbb91012ad8cec2e0082ba63d86c08c94bbdc99ed38071d1e8da11bf8c0f7feaef100828e5b2842e8c069f3198f2f7c64ba69072d3d24dd697f8edc41a31876d4f235f04c5877879a95a53af96dd1f5d1e09faf73eceb2e9e7b7d72f4c64e211df499f9adea485051c4a0bc710960e3845891100d0e6d26adff9d708f98a3d48a2b10321e2968ac259dedc85be18f4ed6d4ed62dbab4dd3d3314f8fd364dcb614bdbeaa9c1a04bfe7ddec6c97939ee721f0800428060f8d5ff202e0a7324189592c3a0ba064d3573fa622ce46db4f5fdd7e8a61df2bb53713f3efaf6e37e60739b1717e4c490e89410c6cae04539330ebb5512887a152871fbe85b5ef0077107292e8400c608714a24e9e129b867aa1d7dd7097f3002080adc7bfe08084e313afc9aa7fe6074d295f8bdf45cbd9916009c51ca4e5a50e92be42553c86f09c11c67f32e7479716c90d5b784d52543af032c4d0ec50bd58e43f7e26a5b1dc3f7a0460c638e6559a6691efbb5096a395b7744b74e22595a5d23c951929e0498404f1870ca6da32902b4be73f86d8fa7d74a1eb496bd2347c77fc11c4814c005e042087670c79510004271a2b6f91856676f7eff3fffe0473ffa71bedc300dbd52a9740dc3b42c4e1dc334355d77e8318fe239e1cec7dfff779fddbc77ed977ffd371f7f6158b6da69369a6d5dd74cd334b4cef6ceeed15fffe90801a8cdf526ef5485d9dd4beffd445eb2c845cd64948990efb1191b9e0721d8ee3c547c2439ca6a9bac5d227de77a05633d2ef9d65cdeeb96c341772f096a38e0ead516adeecc7ff1e5fdb5f9bb36f404bc0a63dc300c21a06559989a6c67a6971597eb4db9ef22f43ed8010f21a016ebd49a301ab4774920fa4865dac7601b9d2b57be8ca5b3f76e7c017df1805b0600143796ca3a8f061ed92ec63b15e4090bbd85dc3ea1357bf160bd53a6cd3a1a4d845dcf3d4d561b1518ee0b8bd6a7d76fef6e6d14aae5fbf7eeccceafb41ba55b376fde9e594ee5069e1a3c4699a8b5ed78e861c59fe38188b6ab331b5b9aae993a5b9c9fab379bf7e7e6d7d6179697369717668bf5eef8d8c833fd2ec250e9c64d67e3266f9545a7ca4a4bacbc0c84409e30787c00c1ef5221626b6db550ae702479ddaefd915630a7566bc82ef749d6c8be72850846e9f6342412498df3768977cad28118750861a5d15ddeae9d194d010056b7eba998bfb7c4665bede97b4b9a6e587a7b2bbfbbb8b8b4b8305f28570a7337406b3b3a38c55b0528b9a4beb3407a34db34916879b589a26137438e817c4f4f68cb987ded8babaacd3796e689cb3777e7cbfbf3f3c54a43338c527e73697eeef6bd69e289c4427ea156a12720f41652bcc068a1506a7f18b16caeea341e569eb558ca3e8d4a61bb50e68cda96e5f14730625c100245a7d5f20623de48e2fce9a787e89f502182d166b3ab5986e29275cd344c9dc8c4b6f9e8f8b8d6aa19360b45134383fd276933a0d70956d6ed952b3836204fbc4fd2133839423293389ce19575565ec1a1742f77cc51bea2993a7378b7ce8d36c004fb62d015383634e3e73ffe613096dcdad83a7be91206c0d4bb16e51e8f5b504619458a27e4913bbae573cb022b037d59041f961cd86baf4dd3b0f840ca73e8b60f9ab68273cab944886d1a96c3fd7e6fb7abba3dde63038d9cfc1cc4124e0cb3f20addbc47062fe05016ba1fde7fa76b5ebdb7f5cec5c18057f9fccec6485f34130f00004adb73b7e78ac06e0b84ea1d9d2084001a75b73a5dd677f1dd21b789e3c32890e042a81aa5076b7140e8eccc6db5e0c0c880545b0299d300ef596e84c080473afae41cab73e3cab53b0b5b41bfcb1b0c1737969440faccd4e0fcfc72241e6b968bbe48383774e69d4b5374f73e8ee6dadbeb793b88db793b7e563c58e5d42c5a6bdb7d09cfc1a72000702b68347b3896ec582c5357bbbadbed9530e8e8864c30e3002144b0b02c4624c9eff31dbc79c685aa53c61ff9a62c87afeca86339bff2e84c5dc2c8e739a02fc1754dc3b2c21dcbb499e01c13c205571437b34d0e21c6d8e3f19e5020acb6c58a8bd2d83b87761f000080e0b4b8c42a6bf2d487503966fff68b2a443087eecef3f20a7007903b201815dd0644800c5e46c1d4219dfcfae73fc90e8c7efef3bf73278709ed68862d493240984068514639f4116e30e4764bb2ec4b4ebd5bae18d2c16f0e02cbe69409af1b1f74775226b271f7e5a970efa595adc5df7c39ff87ffe08f5bdb0b2b45f5b5f3a74dcbf27abd0863466d84240881242b8a849ddd79c01c08b1b37e1d4044b2a700e7bcdb800892e137913f0e20e4427c72636d38171dcc86afdedd1ac884b2c92000803a8e4319001c21cc8558bef1ebc6d6cad41b1ff82421395d65f01250bc00807adbfecddd6a247830813c44cc92aa0b66e29cafb36a4961ea8d0320a010cd2efdcea5b8df73d8c1c51cabdeec608c744da58c9b8681657728e8b36d873a54969069515f309288069dfc9c14eb5b99b99fb7c3239eb69d38fdd07ee042ec77250fee853a626eb3f3bdd71341efe10f3d8ae09c32b6b79881506f2ca294ed17403d44a96efef24e251375c35e2ec73d84ed70893c92590642d0549def5c8a05bcfb1db9608cf7029c39170821ce19807b1f7a082138df8b863e06aeb79d95cfe5d177e1e30343e9ee7d61aad2c85b874fbca04284a9da4b9f236f98f49d878a7befc173c6bb3567fd168ee448dfb90322e1776f7e69521408064cbd8b88629b5d0120a31c02c12164d429e6b7b1379c4b4443f194c623b1a09c8db97b89a940afc7eb5decd13ce88d8ebdb0dd7dff5c142328385d9ab9f9f127374f9f3d55adb6b476d5174efa3c84d946b9de95a1433c514e8dd4d0a98f46fc406f0abd25980d15af34f2d65e2642ceb85ab557af91d820e93f0f20ba7d7f5796c999b1e497335b9978b03f1d020030c76c77340eb1cfa3b06681959751744874abae405cca4cecffd6e5a6b55ed45e1f0f3fd24943c00af3c89f0008b3fa16e93b0f00e442dc5d698f64bde1a336a410b6630b0108218cf35e51524a2944e8918191335a5820e1f4fae29a2e454e473598397b34ffc34128e39fdcad5d9e0a071f36cdc7d2ac15e767a6eba6343592f38523f9d5656fb22f1af0c4c2212e040002a1472aaeecd6ccf562f79d5327aa3e756bb13996f385fc0f6e83d3cf7efa43ffd079a26e5569f8ddcbe78a9bf35d109c1cc901c185001823c604421040d8aa1616d78b6fbe7e11117c58429c39cb5fc0409c644e3d72fc5104b59de52f48ee340a1cce41f1fc0a118e69cfff86a4c67172e4f0b99e3367f133148893be734ffe92f6e18e35337d570a242746070982f7565bb1a0928b3f7de9a3deb167373adf3a1bc5081a5a67616553a29de98575ca11866c70f21c6b17b60b559bc358c86399b4d5d50703f20797c6a15a40fe84104ceabb70385b8f10f6d267c81b267de736771bbbe5ce5be7076e2fe493115f2f8fa0d9aa7d7af54ad5903e1c207aa7a35361b71bf1c93782d901cb7230868ac71ff4b9f7157228fe9cab55dec893dc19ba7d0fc587912fcaf86315422d736971eee6edb9b7dfff40401494f96abe363cd81f0e0615458200000811428051a7b0208512ebab794d78ce64004c4e1e6beeeee350fec9ddda1ba74ea410536bfdf4c73f890f4e385adb30cc46a514ed1f75114898d9d61dc19c6866f08d4be7f64da5dd9ab951ecbe7d3a7a92d9c2cdc5e658f680420098f9e50fee341c3753a988f87dc4e777356a6a381e0fb8e04ea1124da4140c75bdeb388c33d1d6d4b0d7959b7afdf4f0235b7778b7ee6c4fcb13ef41fc94e45dacb2caaa5bf2d48787522e1d33532f6d2ead171ab168e44114b7e819fa8f94fce2d459bb8e7d319279589ef820101114ced29d19a878d183c6572b17f2852207c8342d42b06ddb96deb539eca5268198a432b94434dcfbdc52c3f4b8c88161f7b11816abb4ac81a407414824291e8fa5327d53a74e9f3e3d79faf499fe6cba7f70f8f4e9d3e7ce9c191b9f9c9c9c3c93700da442183848f10244a4be7387e5d16b73fe38ddb80d5d3eec0d6d179bd964a0a59a04a348d0030040042c4e4fbf96121b9bf95aadaa779a651029b5bb1b1bebb38bcbe5edb5f59a353ed26798acd97532d1237e0822f3461eca1e20b945bb8402090160a9614502b25b3e6c2d4004cb3beb861cf582eef2467e6b65a95cad75ba46a39c9f999b59dbd89a9e9d4ff70db80910dd1a929466c7746c3b190f8047d3cf1d8573b159d2b371b7ebc8871e6569e6c66a59cf46bdabab6bb5469b404605543b6aadb0c3b05c2b141ca88c8d0eed27f55375daeada7d09cfe17efd380a35331a905d0f72b70ae6341aad4aa30e316a37bad56a990b984c261af506417c7169b55a6d44e3f1e26ede2383ad42cd36baed46550aa687738f244ce38d3c94147c60c75bbdb0b9b8ba6d759b0b2babde40c4adec35308865565ec6e12c941e2d2d76740c59bdf3d94657fae08d0b6babcb866d37eb9d4038a0aa9a6559b1544606962b9c1b0b015a589027de3f9ae3ec20bc53a6c52579e27d000000a2b0b5f6f12f3f9d3877c9231182ecb9a5cd0be72f442221b3d30244621c66b219e5412996e71b430e9f3b02abac73ab8bc35967f973e8f293818bc8fb586f92689769619e0fbd737566f7f2996ca1a252ce4e0d270100f99b3f5eb8371b1d3d6d5577ba3630037dbd7e44ebb6a1ec018ea9c406fef0c3b75baa7dec18d2fbf2b8d122a949ba7d0fa5c6841278dc18a2b7abffe93fffeda98b6f744babf7d6ca610ff178bcaae6845cbc618a8087946a9d7ff6dffef3ac1fb246012baecd92a6365be72e8c01ff439b8131861014021c2c0cff4c6348576d1916259830ea700030821011a3d3f8e2cae7ee50f6e2d953fe803f10f0edebe185c610c1bbdd2ec48453dbb41cceb924498adb8d21a08eade916c6082042200348628e4905000278bc7ebff79106e3acddc0b17e147c5810bc5dc9fff4979fbdf5e1078bb76e9e79e73bb9d8c3b9bbb37a1585323836b87fe4f831a451d82c771c6154ee2d6e544bdbd52635ba2da1782b5bebad4ebb542e347432ea3348387b704f9ce0fcf0380300240a6bec42d905151f007073655e8e8f0491bebcb054a8950124cdd26ebd59bbbfb0d46c36efddba11ee1f8b05f6b2f71d1d43b86356ea4d99c06ab5e9f2b8f7addb83630867cee6facad6ce2e15c4eff340089863ef6c2ccd2fade54bb5886813b345b2677acb79f2d447fb699e7b77be3f60f60e42974fb48b50f6ecb65822eab31d6a592c19f1d0e2a207f181736f84813e70fe9da1d73e181d1f1b1b1b1b1acc34aa356f28f1de071f9c191d9009d28e8c218239b76fdd6ab51ad7ef2d7a200dc653002260768127fcb8310411697068381609e606874f4f4e9e3a7d6a746c6c7262d83675879333172fbefbc61bd17000ea0d0004e4b465085b6d2707fa00d95b9de0ccfaf5cf7fe5f293d999e5442abddfcd3fd3180211727b3c8a445c5e9fdfe7f3783c6eb7cbeff767fbfa47474762b188dba51cfcf68f8e219d66f5ea8ddb088a9999b95032ed3a30c53f3486805e1659013c5eafcfe7f3f97c6eb75b962442245971f97c5e8fc7e371bb5c6e8fcba5783c5e9fd7ebf37a15f9b0ce59751547fbe1c32051611adda5d5cd80cf6b323435367c308dadd05b803114782441c7310a1100580e750722e9446c7070249bcb64523145f1f4f567538964381acf252221bb222547f7d70d6cbdf3c92f7fa15a3cbfb9d23668241cda7b28080bab2bd42a0a6700b36edebced72b9744deba8aacbedf5b83c08020cc5f66eddeb910504fd43a391a0b7f7380f2b44889db5fb9f7d39ef41dd4fbf9c1f1d1fdd1f6d0e2aa4d5a87e79e7fe9b6f5eee54b6aedf996bd46be54aad55ab54bbba5d5c56f36b052917f1bbc0f2a7d2e9efeee7f2b14dedcaa7bf51295c9f9fae5b38190bee7fcfc2b178b7be6b7a12119fe0a0dd68a4cd358125074a4cad93ec69e18fcb92841142081149191c1a1918c8b915a9d7551f5548b352f8c9cf7f33343aa9081b6012f54a2898608d3c0c264a4d27e2978e2a04700e30f179dc02e25030e076bbdd6eb7c7e389c662996cb62f9bf5f93c1821d62a424901b6deb6b0adabc9fe3eb0677c8bb5853b77665686c786db8d6e2697919e4b21eb73b77e7573d105a9c92086c2b61dceb9edd898c8d4b10cdd7028751c8a25a9f7ed1f5508007c7d652d104d352b457f2217703f6cd0871522e8959fff707665bbd6b163613f751c4dd719a59452db762004a6a16b9ac605e48e69336e9b86691a86613a8e2d00b04d13608c81608d1d1cce1e4cc2d4a89490e2cfa593c97436e8f71e340045b701003f9486fc188578fca15c361b8b4663f178381289c522d1583c9d4a2493c944329949a7a3922df426890fee9b5898e046399f2f575af55abd650c0df63fccc1c319ad6d90d820c0caf8d4e9c1febea1e1e1b3e7ce9d9a9a9a181f9b989cf44a5077c46b6fbdfbc1b7de8d3d90c75185987ae7ca952b2b1b5b86da2ed6f5b367cf781ed44238a810dbd4d7d63762a9547567edf6ec7d5d370bc5aaa9b564b3e1340aad40bfd969859bcbbe60481a7a7ddf138a10aa17771baa51dcd9f6c7b3d978f8e183630e6f17769d5022e295adbab1359b181e1766a75158f9d9fd8ee4769b0e2718db96c518eb05a118bad6ed6a0e1594da860dda1acb445d7b0a11a2b0bd76edfaad4020c8b1343836e5ea1670282b8c0ee47649578e558865747ef8373fc66e97da566549721cdb7198633b024059c2dd6ed7b41cca286b15645f0818edb6add89a961cc801b4f7886cdbaa94ebc974a2d55473b9befde0c567520864747965be586e33ab73edfacddd9dedaecdd616676fdebcb9b9955f9a5f2c564b5beb1b165092b1103c4e21b669ee6c6d628fdf561bae6032f620dbef310a01707b797aa3d8ecea66617b75e5fefdf59ddd76a7552eec4edfbbbb5bc8afacadddb9716fb758d8ddcd2f2c2c2e2e2c6eae2e6d149be58df9a5d5f5fb8babc94cbfcf2db1c6360ea50f2804fa43d1be5cc6ef0ff8bcee43f323a1d600104f5708b3cd9dedadb666f9fd7e0481651a1d55731fa8e5c7bb3560eb389adb775251c63ab512f4843dd8164a7064f8c062a710b4bc86630300a1f5d5352c49f55adde3f13eb091a03f181d1f1b09077c8fdeed618560222793315f207af1c219bf2fd8d797d917e14185288a2b120ae8a6130886d299ccf0c8c8d8e85042668361297af6c3743c9a826a3295846e1f8e0eecfb1804636aa3d4a6f2e9f1c1aee1a453f187dd1ea7a2b99bd794282be36e755b77a7609dc4fa4976626b6569add492a171f3e6bd62a958add62b3babb766e7e61756b7d797d6772ab5d2f666d5f6fbc399d8038540188e27cf9e3b170ab86d874712490fd304b3913f06aa6b253b1809b98f2a0440a1d6ab37efdc9615d79d6b5777cba58d9db2daa8dcbc757367736dfefefcda6eb1bc9baf2cdc498f9fc366abc3ddb6d14df6f73fe8c2a02f10199f180f8742c944d2ed7e680b3d93423aad46283dc0d55abdd9ac778c5c264e5c7eb5b6bbb35b8a25fbdc32f1f9ddba6127b37db170e05885185ac71d8cc7fc8a2f9218c8260ece4f0e2b44d0d5f95921fb4d5dedb454cb7192b96cb3561542944b65d9e56eab2d0e6524ec46470b057db5462712f4ba7de14e655bb7a143ed44b62f120af0c60e0e24a0f49458981ebc5500483a9406ede84c5ddcf8e4a78614b3ebdb96124646dd529263fd0966b6dde1ecd8701f0480959685a192c18bfb0ae9769a1bdbbbb9be7e4beb06a3f17dff000040d8867dff97f2c4fbd013fcc50fff438545ce8c6464042c0e5c6e8f8b888e66c998371a1d2e44301255dcfe91c11c7e5e6fefe17300f07691d7b6c9c0452138dbba8ba27ddcd478b72e8fbdb3ff1a53ef6ced94a39160b5deea1b1cf41da8232e2c8d2e7fbe9857fbc7c665b7fbda9db577bffd2dc5ebab97d6370bed6a7147ed762a0de3d2ebaf31c76e175636aaaa2f904a85158fcf5fafd75c89c97038f3da78f0e84cbd07efd659795d1abcc076efdf2eb9c64e8d867d8717ef6cb3b5b09427b4b5b451da5a5f3df5da5b8251af826667e77c81a0dfe777876346a39272caafffe19fa2d66e8146ad4669f4f29b003ea5dd3fd34c9d510a204210388e431997151941e8d876afa2b4808060cc189365b9a7c01799a90b216cdbe25c104228a500004c24c1a9107b3346087b1579118022bf327ff5eec2d4b9d7ce4c0e034e850010225996104274e3360a26d1498a680b612f7d861323872a6e1f5508ffe4277f834283a2b331bfd3ee8ff83539ec97a8d36d8e5efcd6a9911c00809557b9d690865e3fc94287b075fbfe2fe5c90fa1dbbfb6387bfbe61d03ba02d86c306fc04dfab38985f94586e55c26d12ab7a4809bdafcc36f7f3711f17d250a61ad5d5e5e2343af432c3b3bf7903f81a3fdb4b8ccbb5579ecdd432f3e16ded8b1effde886353c99f10443beab45cf1b1786bc2e5970c60540105246391784481002462917a257390063c418afab6ca3a41febcbda87eecca0505a10f9de8db991d7df0a798f346b2128e31823c618a5941009412800a794f59a0a445830cab7ee92583f68172a30013ae5f4d9d79f9a30e599140200702c0b12e909455a0ef2620ae19d66c374b83f1812d476793c82d1ae6e86827e43370091652454cd0a067d1000ce994399f460fe731056dd105a830cbe76e8f85184d6b4963e554eff01541eda7ec75a5930914c686adb17cf0e6412d15802638004c54a2093cd04fd5e0080b035d16de0c8432beb0908a3cd1b799c1a870877546df2ecb9805ba602a43303a3c38301af6c53160846d2c944389e8806bcf1747f2e9bc0081e9ea93f9e8356d6c1e3bc53e5b52d69e8750031ddba83bc511c1b04100ab323b4268ef43de5fe39a7e535565804c0d9d6dca9a1514f7662b7da8d06bd6e976419dd56a76b685d55559bcda6e9708fdbc539976585108c318610618c8fced48f0122deade1609a368bbe5040761d31092044084108118410214230441021447a9f843142087026da25ec0942ab6b49014598ae68faf0758ef04c5696a0d6d55ffddd560727422e55d5354db51cc7320ddb3655556b351b0e032e97b2ff251cb5b29ec0212b0b0afac5cffe7ab5d89a9dbdeff5f9a1e0f54af1f3eb77a2b178a39cdfd8ceb73a4dce31e0b6a1eb5dddf47a8f8fbb8308b1f20a0a269f56445bd0ca3ac2128e1fcef674740c793a5c6bd29d6969f4ed034eb4c7c26a9bacb22e4f7ef0e49593a3bce018c2db255a5890065f832e3fdd9e861e3f8eefadfd73b5e66cdc90a7befd24f394516767061159585d5e59bbcecf9e3e3d1a0ab86fcdeda4e381fe74a8b273ffc6ccae301a814436bfbe79eadd6f4581facb6b0bfff49ffde35e747a8fc7ada91f44509be56750f6ccfd99b5fea0131cbd70f81500344b9b37972a678662b31bf58fdebd84e17e841504427046f35b1b19d0c4f141d02e36711c99edc8c8e9c35739c2338d215abbf1ab8f7f5231c84436bc5169ba090e043c9572cd93cc11b5b65b53ffe41fffa3bef44323fe45c61020d8673ffe4b4fff85fbd77e8943f1805ba954dbb22203bd494219daed44339146b195ecef73437bbb58fdd61ffc717ffcb8227b42389bb7a00064e8b5277488c2d69de52fa4d1b78f86361ef31ecea865594f500ef28621c4c2ec1e3e711421845a47a13440187056d8d95c585caa353bfbd76e351ba6651d7ad38b23b406ab6e4a63ef40d9e36cde06b20bc786f6cf224f08422cf4d623ef3900576bf6d267d0e5e78ecdcaab64f42de40df55aa32263cdb40100922c35abe54aa31d4ba503c1603a93eab4db5aab902fd60f5fee694022416f5454572d256a36aac0ec1c7a81e0bc582cddfae237d596aad736bfffbffc2ffff3fffbdffded0ffff66ffeea2f7ff8939f7ffee927d7ae5fbbf9e58dbff9e927ffe96f7ea6db8208db124f6ff1cf4ab3d1987afdedfe985be7c8ef71d90e0d4492d1484098b6271449a5d3c1e0e1e6f5fc0806b054dcd91a38f37a261ce8eaa6acb862b1f8e8a93318b0dc60bf5b51bc3e4fab59ebead6de1ce9582094facef16e9d37770f9fda4770ba791b85b347e571fc18b276efdae777efe7c65f7fe7d264a75103b2cbe771630489a4ecbb8f5861413087f49d3bf4de43085b7756af4b63ef40c905b8b3307de3ea5cf9fd6fbdee7329803980c8d43224c54db8b9b15bcd64d21e5f20f4c0a9f5dc630857abb4b020f59d87ee002ddc171049e9c943fd072d2e0a4b97062f1d3c08000082b3fa366f975038c71b791448b0ea8634fad6d5f9dae4503c1af22cac9535d379fd74aebc357767b1228c66ffd8a9cdd595c9d72e698d1671da1543fee8bdcbfbd73bc918d27b507cfbde5d6370d0dd8a06147820c71c00c031b5b9fb0b8df266db9410b02c264b12077ab76952c374060772843bb6cd68ab4a5dbeef5d3e8d146fd39107471f591b3e96671a4338e70042c1b91002212c04073d0b10885e843bc28fc4d0bfd0180200a394032011c239e37c2f2e19222c38db5bdb8510080120105c60fca49cc25c6f3a4b5f48fde751a4ef901125a8e5ac7d090497c6de3d7637db310a59bf77ed93dbb3be605c9171bd5a0f84dc0e97229168d0e77bf38dd77af721ccaebdf8993cf6167c7cc80600806e4f0b00a4fef3bdff56f2ab5fcc154ff57b7f7375a62fe2d5b12fa28872a90cdd2e8c246a6abee8c01ffdbdf77beb59cfa710aeb7e8eebc943b035d3eba330731c699a9638657e6d88b9f4a236f1eec3604b5697e0e40082537ef94a4fe0bb4bc022094062e7d71777b72281e0b7b37f28df57cfda3374711dccb3bda73a900080110101c8e2a2837ad8da2fefa44e8a91b30586df5f6b2367e66d2df9ac7d9b3e040614eead8ba692b04345b2a42500004a18002da8e2dbbdc8cb1a0dfdbdcdd207a4df813211968a668c3d0d048f6910f380ec6c527776aaf4f854ea210db3275dd7479bd2e59ea7526ddaeeef11d9e0038b6c93874b994dd9ab951eabe733a7a9279c8adc5e6e8a30a010058a681b02c3d581a0600304629e58af2e449c50138e35a836b0d00202b2d43c54bd2532810038808abcb1b795a5c46919c3470e1984602c0f10a59bcf1c98ee91a8da2cfefacc5c201cd68bbbd61cb74b2b9cc9b97f71402006095355a5a96273f80f22373ff7d587593eececa531fed6f4ca9eeaedd5da9a6c368767e33974d99a62da0901114083b96556f343303a3efbe79a93752dd596979149c891e9c2a40ce8500e0509fd450edf5a2f6c1f918345b6cf73ece9c469e202d2e09c794728f34b583f0ca1acdcf4967bed7bb7fae35d9ee3c0c2480a50a48a4be33acbe4377a6e5d3df85b2e7ca9dcdf1a1783cecad35b5ebd3dbdf7e6b946acd8d9dbce40e8e0c0f2912020050db6c74bad1481441b01fb9526dd9d7e7eb83a9fdf51fd0ebf638138f6e7680c0d1eaabf72f7cf891b7bd02141f7eb4fa02a38e65595c4097db4530eeb515d3723c9ebdc21dbc5de45a83cb012c9c6a4dbdb6237bc2d103c9838f8732a199ecefbf95f4bb8f7f4a07d958b87b6f39ef76bb2f5fbeecf5b884d5fce92faebdfeceb7d2516f3e5f8c2593042108e1eee64ab9432fbf76bed2b4afddaf4ff5f911824fbe0f04c17a417fe74c38e4df6bfa82395bab6bdce50b07fc9820b74b712873b95c7ab37077a5fcad378f0cfe87600ed71aac59104607bafcd81f85a10c84881617e9fa0dbdd36ecab94c5426fe28494f425ff4f0db0f708c422c53a71cba1559555549926d6a2bb28b515b52dc87e25e9cfcac68977be6fec1e3000056db603b7364fcbd4762b784e042a0de669e9e435b88fdf2cdbdde773fae6ebba42fef6a52b7003116968e3c21e68e14ea866df3c1b4971fb86dce413aea9e4a50969fc39929e48dd0f29ab075a9efecb171c77b0841f3b3bc5592c6dee17a9337f23098e6ad020e675124cb1b79ba3b2f8fbfd70bfbfde2eee6c4603c1ef61aa6f3abeb6bef5e1a7061fb37bffc38317229e2e68c035d37bc3e9f6d3b8a8c77d716a5485fc0e31e1e1d2108ef5474db7950630d42d1ca33c6dbcd4e7870021d542f84bed6526aa00f61cc6a1b52ffc57ddf0675ccf5b58dfcda42b94b83c9c18fde3c8f096ed7766ecf17df7ff7220248082e5abb88535555852b1826d4f4a685cb7f7c5aad472118ba4f96436b73fecea7b7e68c6e3b333861a9eda09f14ab9acbad64fb531b2b9b6e8fdb31ad44df00e174717ee1e287df3d3736bc593438174fbfb800b284fa939e7d5b94d9eadffee50fb83fe8a8ad8e037d2e39160e0e9dbe9c8bb02fef6d7ff8ee433bf62142086a09adc96a5b8039d01d80c114f6860126c23179a7c2eb3b0061e40e966960a18a3fb898384936a66314f20c084e4b2b74679a2446717214480a1482751b343f03389727de83ae2351e5cf82b07467e316490cd1ea9634fc0694e4f9ad8eaad337a70e9b76c2d29ced199299449e102daf08ad250d5c04e4e996032d2edaf77e840209923dcbb53ac99d0600d19d69e158f2e4fbd01decbdeccaddcdf181783ce21502fce2dacad9b1643a1ef8e2d73fcb8c5d5c9bbeda05b2d5a8a48746caa5926d1810706f305a2814ffe84fffebc1d4e1f8736175edf53b6b55363639203d9a2a9bb7cbacb6250d5ea45b7761740007f722735ba5cdd98db2a257a6d78ba665e7fa07bbf55a24e62b943a6eafdba728aaa925b0592c372626264de47fef549224868e765b2fc8cacc8d9bf7b784dde1b2df23cb8ed9d0a86f7228a94317e856b7768ae14858a322978ced6eac674fbff6fe9b179ede001f8360e6a71f7f5cea9a56a72587b3c06c7843d17397de49b8f42fee6d7eefa3770f884e08db64ad226f1500e7d013208911a8f80004c2365823cfdb150004f2c7706c104a0a80a8583717b6d5f7cfc79ebaabfe85150240af75da0bbf81d46ea9965be24a2445526328947d56f7ee61846095552080e0147a42389406001cab1061749ced7b243d81024956dbe25a43ea3b77924fe7a6ca77e781cb4777e781deaac398d74d3c5e374e8de347a77457a7b74672d164d40700b87d3feff7bac60763f76e5f8fa4067796e7ba0c47836ed3a20ee56e9908c05455eb9af49df7be958aee69ec20b451d85858cc452557ff59f820b818000038b557ae91ec14604ca8159c39d5fb2dbab5dd7b2b79a257f34d4b539bbe485aa6ba251c4db590cb938d0696b60a6361b45b69f7a7d3c297fad654444a8e8127f8b29f0bea389663132c412004444030c771d6565652031311bfc428ebcd9a21c6807344882c3dbd877a028e6d51dbbc7df5b3c0d0c5534349cab822cb4070873259960167dc5079bb28f4260000fa63389481b20708cef5366f15b9d18600a2600a059350761f9c66fcae150200e0f52d647557d440ccda0c9f7df771939e67423826db9d47a951565993facef7ae795421825a74eb2e4a8c627f8cd5b678ab40062e3e69a1630fc1eb3bb4b286a37dac59c0913e1c1b5cded5634139f2e864b1c7f599edc14c3815f303000a95ce76a9fde6d9dc139c274f8603b07eebcb5c846004a5beb307b36cf076896b0d929ea4dbd33839065dbe9eff3d9fdf0d86a3180197c7c31d071189daa6800830bab1b2b0b051188bb9474f9dd3ab9b283410b02b247bea71c93bbe52846d3bb27ce279f3b3228463f756f1f7e3b504572bac5514a60ab1848329184842d9bd37136b15b9d185b21b87d3d0177b5c337826857c054d1900808219ae3539e7c0e5e7b5adc7a4957d36586d13fa22bcbc8efd89c7494e585d67e51a8ef4617f8c357679bb4c062f3deeb93c8439747b86ab3514e9e79d2ae93bd75b4985401ccc387010c11f7aa8e211af653b0fa716cf8e1040f7e4b86341c159a774f0140a24856d09e6407f82b78a7b0731e9ebef0ff8bd3e9f8f20242b0ac1c8e5f6b85d2eb7d73771e6c2f7bef3d1f840c6edf586fc81b01b01001ef7c4be6ae06f511e00000825c5453012cce18dbcb379c75efe8c350b389892862e4b236fc1509aab1567fd96bdf8096f575028238dbe290d5f46e1dcd39bc1c9f88a9e2391506652a8459c1ce55a8319ba6ddbd471f6f2110aaeebba10c0711c2184e3d84208217a4eee3d04e78661f6aa860bc18d4659684d2e84a03a754738639aa6d24329fda84df373243b85c259de2ec17641ea3ff7d4657e61aaf6e62d485c0040a135c8c0a5fd4d544f8072be1f8c84115224dc681b875f74728480ee000ea50573786d4798dac35310226f88d7f3c81be25a5d387bcba90f62f58e011329e0f3120400220002ce1c80f1935c142f0fc2ecb2da96b3fa255db9c28d168ef6cb63ef49031781cbcf5b457be58ab37a5d583a4e0cc9e3ef91fef328987a6a0378568ec6653d2fb287b54a1ebf4f22a4ba7cfbf3a522e4765b35037e9fa1363efdcdaf77cacdedb5e542b1b8b2ba8164cfe6ec974de64984f7962396efdf9d5f5903d8e5f77a6cbd75edefbe5fb2507e717a5787ebbbe56abd317debb6237b89ecb76c968bbb816d389bb751a40f8732bc5371b6efdc2e39d8e3cbef9682e13060f6f52f3ecb37b44eadd4e8e8a5ddcd66a73b7bfbfaeefa6a06b67020c1d40af2c548df1978c09bd4e8d81e17761fd8e6d68352b6916fe45241974c7a8dd5b4e946bed19f0e3daed53e192140b56dc5530968b480e0426f207f627fb30a4498d53671382b1c03982af2459e1a800804676a0dfbe35cad438c0100c8177d269150c7b21c2618e502608c84e08e432184966561044dcb218450c7ee65013afc66002c43afd66a101159961c4bdfdade4504ab9d0e04a0d56e4bb2ac77bb02e2c7e50d7a04c1b9dee2ad02dd99e39d0a44982487717a02f9e380dabc55648579de29432293e418498d237f1cca9e671a33bb06adb5ed81d48902c6be3a8500506a3a4a6bdd9d1dd3566fece82493ce006623c9150806dd0a5e5e5d418e79e5d31bd15c7a7b63bd52cc7ba2fdf14890736031d1adeddebc371f8d27bd1eb74f82a25369757517edfeecde6a3010065c9e9c1a8d45a2264596cd7361e4eccce0700e47735c6bf2ca9ad4777a7e752b99ed575b0d878b403020633cfde5958e69cdcedcaa575bed9636917087241e4a0ff04e4dca4ea1f0e105b5c729a4de362ab5ee485f743fd58dc725cdae96c30197ff411adf674208506d59b1a042dc5edea9f6468efd6c1290c8426b08ce7028c51a79e48b1e94f1f17026ba35144872b50a21044842def0332924bff0e5dc665d586adba001bfcfd2da77a7673b9dd6e2c2fcfde5b5caee4ea3ddde2d54e389f8b181bdb3b7beb8bbb0e5f5fb5c2e4550fbee8d1b737373c552e9eaf59b8d4a6975756d6dab90eb1f38b82de2309cf16e9d5537686959981d28bb48e614890f225f54585d565da7a56561a85071e1d438890f237ffcb9878b6752c831bfed73233c118e5da253f50d5f42ad62a15cc5b24b00a056f377a61713b13883e8ecebe704a5c97426e0f318a6bdb4d3ad75ace56d0dc9dec14ca85ca97100dbebf7ee6d547dc0e9b852674e9d250445d329ea387ebf57080198c3f333289844d13eaed6e9f63d9c9e842e3f86a0db55117105fd7ec88566e813a7cfc80849b2cb85789f2802a329b002cc1619bcf8e4508043b455c3ed960fb60c97225d98ca6cec367b66e173035d3ee48f03eab0661ed007f16910e2d810d7ea902850f109a37de85d47d973b740048410d481983c933c0000503000b1e2765b7a57334d002075a8de55b7363756d637f39bcb3ffbd9af1616978ab576ab4b758b55dbf67ec26f0040b66f40ade5b7f265c681ac7846c647237e3f4162339f27502cde9f6f35ea8bebf9473eb2077344a7e26cdcb457aeb0fa36f284e49137a5a1cb383a084cd5d9bc6daf5c65f56de48948236f4ac397716214ca9e67fded5e84af720ca975a8e40bc1e6364a8c25653b9e1df28662081122bb43d144ae6f30dd3f383935954864060606c7a6ce08e4b52ce630e09260341c8ca507fbfa72c46c0bbd13496623a140eaf45b63936772b9be682ceaf6065c8a52aca8daeaed58264383fd54efd8bb8b347dce217e0e8944a4725d4d65d29a614320961697b92b9a88c74733f10cee26a65e2376d79fec17c9530c10ce8165330e80ed709b72c604e3a0dab2fc1e72740cc997da1246a998ffa04de577cbebf94626113cb64f7d3242804ad30afb650821f4868456e39472ad8902092120e340488a50ab507643b78fb78ac89f1000322eb8e825d3835c08ce014470af4a1bb585de82be28572b8071a0f8a1db0f84e0bd725d7b8bb3800b0104e002f4ccb65eee780821170201bab0bcce000904822e8f0772babab973eadc05ea38efbff72ee3229b4e204c7cd1545b0708c242d588056504a1104008d06cd489db17f07a03c180a9d6efce2c24fafa11912f9e3d4b6465e2cce980cfd7d7dfeff3b805001008e058ac5da4bbf3b4becd1c1bc70649720485b2505278a762efdc678d6d6ee9283280932338dc27143fc40feb150b01181700825e980500a097928ff35e8a7b2844afa02a044070de8b0902bd07c80550355a6bdb83e9138d215f8db7b747a96e6e552c7767dd1658f17865b3def68f130cc201a9d1a69c7359c21e176a762981c0ef25336bedb04f6ea836c1c8a5e0b04f129cfa6a3320dc471b0529390c3c11ddb0fd5ea9d5751044613f6e2dde327140f5f601ad15e9cc07c62e6eaa2e044132ac3454cab98806a57adb71184f473df5b6c98b8bd06c227f3c2bb748f694e38a7434c72563b782db9a13f2ca86450d9b795d1800489998ecf71dda292104f8ecd67a361918eddf2b55b3cfcdb91d8f4b3e3d7a384bdf49f8e45eadd975308421bffcfa005eb97d53339c3397ce2cb4fda5ba012192cddaa5949d9838e3eccc92c450d9f2dc5a6c520e026e7c612c38b3da366cfef6e9f0725ed32de6472651772dffc098523234bd0c1203a30394b2cd9281311ccbfa025ed2ead2957c570021048804a454d8b59cefba15349cf1ae17f4ae416dcb02702f896334a8447d6475b72b2b78b2cfbb92d7758b5ab6633858331844c025a17848d96b9b0030ce2582c673fedd9aa1eace50caad99a2dcb4b271b7cf8511824c88ae4e8bc5866c94877d5ab363e435d7e8e9d31d2a2fe68d53599c420dbd56f429bcc5fd372ac10b93490790f98df658ce17f6915b4bad0b63a16c6ccf3d55ac5bb7979be37d3e9f826f2db5d231d750da7b7bb9695a9c60f8fa64b85837762ae66be3219bb2e9b5ce48da1b0dcab7969abdc66e582c1d73bd77f64401635fa542f6b075969f46d9d3a2bc8a6203c0737cd08b6eb19db2110fcb2dd5010878159c0cbb845a166a1dfaa3406bc0d4d4236f600edd9e46de208a8f00c7a0f959921c03dee32f0e000096467767a0ecdb2a75c31e181ebfb09f1ae799d00cfbca9dcdcb67fbc281c33194aa6efde6c6da5036727a2479ecfcf509d80e7798e885242932320b2bac5355149965ce73800100805ab838a3e44e0ba3c5ba7598396b5100402f021fd9b61042b814b4b6abcb324aba0cdeae405f9468156676416c4c0a8481000e13100289200401e7c2a6a217678911c0183a544008248c1cd6ab14bac7232f0040929043b9e080323ebbdec9c5dde5a63596f3f5a2d1f6df822020045226840012865c00c6854410125ce84dd62e53ade138400a27e5488a4b5e2620369a4eb368751a32864a38018329e4f231804c8b29121242d8944b1861044d872b12da8ffe645c9836970844105a36231811022d9b0b2100842e19512628e32e0973016c87490421042d873dc8670b0f5eedc97c950a6977aded42b3d1d1b5f22e6754f1b888d59553a38820991042104690608410c40421886449f27b5cb20cb72b86df43d211856e4fa3683fabace3e418f23cb21a4db7a7a1ecc1a93161ebced65d921843c14772521c84ab55565cc6912c6b15971b7262fc743cf43cf20000d49adacc72f1c3cbc30713b1ed6339ecb35bebc988efdcc4d337f43d094e9dcddb8033e80a90eca99e67865737b8ad93d498bd7e47ca9d3a263124009b25dded2209d4e0a6011016b626cc2ec99edacb41fc95d2d69c9db21109ca86cd47d24f0b691182b74bbc55e266072a1e1448217f6c6f69af53e1ad22d75a952e4c0cf44bc1f86fe36ebf2a5e54218c0bcb728a35756eb90811ce26039180dbeb91787ecef6651c8005921844d4e19472c639639c09c119b76cd6d12d28c4e860acaeb254c43be2ebf26e03ba7cc25449f6f4c3b01146e9ce0c90dd243d216c936e4fa3f8602f08e51838a3e515d1ad435f94b74a24776aa1ee8e07e544f839fd1ec59ababa5dfbd6a5871bb00e6158cea7b7362201f785c98c7c204efb5911a64a771710b760621cf8130002c829df9946992960b4806dc2077b240fb2a71056e0100b53051009b34bfacf1fbbd5e105614c502e10044040493ab60316c2b144b7ce5a256174a02f8a8309e48d00220b6a896e93b70adc68434f080793c01b592ad291b4573efe525f179e53219ae154eaeaca76add13664894483eeb363a950e0611e4461690002283fb66f10000821ea4d7dabd85cde6eeb9af656b83af1da65585fc79903fda510ceee7d0821c94c09cee8e65d1ccda10369580f221c93e6e7a0a4000100b548df3940e4fb1b9d7848797e8554d58d7cfd9d8b4fda8d643bf4f6fc6eb1aa4e0dc7073311f783445ecf84e0bcb07c7f7975b7aa52ea4f43441042a053c22e377679915a762587884464822482bd6e3912f44442ee6a9b2a0a8ee9ebd01de49d0a905dc2ec92814bcfb750f3dc08ab2bb416ad6d01c1902f828269e40d038884ad71adc5eb5bc2b19137824269e80d438c7b13eba5edee48c62b1fb0d6be863cb3424ccbb93997afb5b470c0333e104d46fd0f2a493c9edecafa63ca3b0000560a3aab6d6deed69810df3a9b0cf44dec9d109ce6ef038448e694a016dbbc03c3998379ae0ec2d52a2d2e217f4c684de80991d4786f147a4185e4cbad7cb9f3d6b9fec3278ed0d1ccd99552a5d64d2702a74792275c2a110268a69d2fb59737ab04c121b49b8d289e681225c73817d450edc232cc9c318b2b14282c98761cea384c35ec665bd70cbbdde56f9eef9fc05bc29fa28d3c543cc03149fff9a72f32be389c71a3cdd5aa68970192a0db8fe34350f10221b8d9e16a5db48b4200e40ea0d8c07e76f387effe462a44379dcf6f6f24a3be33a3297292a2c39c838d0db0b1012e5f06c163a25c7b2cef74dcb5fbd95367976edfd9b4c31fbe3de55608109c161601b571ee0c44886edd4381188a1cd75239a39535d16d206f88ab759c1a3d5805e20515b2b9db6c748c4b53c78f5a47316dbab451dddc6d0808e221df687f34e8537acfb9376c722e28e3b643dbaab9556c69ba8d108c47bc1383f150c00ded2edd9e159c91f4240ac4016774f73ef2c7a1ec62bbf364e8323890b383327e67b13abf5a1c7555c74e4ff98da2e2f503e1e0ecd947eee92b453047e86dd6cc0b5385921bf9222894814411820353658d3cd79b90c8c81346a10c541ebbdafd0d54485b357f7175f9dc647aac3f76d2417c7313542ae0cc19e0723da198627171d6ad10bf57028cceb5fce586f6fee521525f07d4227d6705739ccd3bd817c58991631e37a7747ba6179224a849b2670eed8b7841852c6e54b900a7861fc9c3f75428e39a61976bea5abe615a14c1078b125c4004314644427e97dc9f0e85821eb72c1ddce0dd4b47061026b9b390c8bc53ee65c4a33bd3289c3d98c61c00b0553104b5d5f57b3ba64fab1689e21aed8f9ebe74e1597d6b4f4300ceb95a63d50dc16c247b6138837c11481420b830545a59159606898cc219e48d43d975ec387f906f9a428400d38b0542f099b16771ff330684001b1ba050006fbe098e6682020098eaea8dcf7d8367a3d61619b80424cf9d855dbbb47679c44f726700c2746716b9bc283e72f4a1f36ecdc9dfc7fe38d79bd817c5c9b1a3db425e502133cbc5804719cc3dc31afc217a35944dad5dac754686062cbd5328358746061fe76c148ee96cdd8500a0600ac78780e0cee65d92181210f1fa0ec99d39f81c364b860b3b496d0924c6f4fc9221e4fb3b9a26c7de3e3fd0abdffb42082e1c8b77cabc5d118e813c211c1d802e2f4044305b74ebacb92b6c0312178e0f214f003c4b18c8cba29093de1ce3bca9eac910d10d53d3ba36659c39ed4ee7601d47ce685bed1cdc1f0b10021b1ba05e7fac3c8460ad82131870ba2d14c941d90321381db1daaa5190870044747b9a23dc75a71900a6de352da7f73edbd4b59d25565a21d17ea137a5c4384e4f1e95c78b635ad4e379a1006f8960896060759656d6aaa5ddcd8dd5ab9f7f31bfbcbebebabcb9b93e7d6fba587b242f11945c24352604638d1daeb700443892639d0a720784e0c03a1008dc8373c6b81042c230e4c1efbf3579663cfdeb1baba5aa7af895cf82b07567e3b6b37e433806c99d9227df27fde7a1acb046ded9b8e1ac5ce19d2a498cc863ef48236fa040fc99e4f11271d2a893f57c8331ee94e7e6b76a46b703b164751b37efce860241c33054b5ab77ea5b85926551e6d81665b66972002589806814e472e0311b8285638a76a9edcac95a293030012162e55564365db9a9c5cd5a461430c1d49ffa0ffffedfc981f82f7ff243ee8e7a5dd8d23acdf92bccec4249e994378cd09870fb0dd35694bd8cb107a102b89d3a69acb1fab6e8540044507986c09ecd42339308f4a27a5f04a35d5f5c59dedcae948adb0693ebe5ed8dd5e5cdad9dad42c56178b03ff3485a07d903a8051c1be82de48f41c5c39b850e08d6db66b7566e836047733a9aa3ea74b76e988601ba958ef01b8d8a6683360c12972f1672dfbe9f4fc7032ee539ef1c02887c51921a85bed8fd1b9fd77796cb3357fcd09264378ef6e3cc29144c1ddabbf74c08009aaa130d1cac81fa75e4445656ada9fdfacbb5efbc351a90f4bffedb9f4f9ebfccdac5f98d82a2486e45d24dbbdb515d2ea0f89312b32cd3644856300865473e7aeb98f4817b082eb4a6b3751730daee9a9ed49077e81cab6f71b546facf0b28fdeca79f5e1a09a6262f50cbfcc5cffea650d304a4e9e4a05ecb27b18a3d7e99d90d4dafcb0907bae27e45b7c11ffefdbfe7733fd293f17699ae5f0788a0483f9464406ddadc15d496865e3f58b9eb7170ceafdcdbba742aeb3d90ebfab9e0cb33b74decd31a2528b90ccd326ddd320cc5ed458444e2998be7a60eed7713b64177a68100389c45d19cb5bbf28bdbb540dfa84f721cfcd07c624c40201460f9fcde80427583352c5c69f3beb8ab5aadb454e31f7c70faa4664cad060801a187bb658463b2ca06d2abb7bfbca906e295a61dca0e491040c1aa8d4e3211b12979ebed37034ff3da39947d36d3306c060fca4988966afbbd12c1e86113140202f0ee9948f04821aedf174f578869d3cf6f6d8c0fc67a152e6f5ef92c3332b93a7d7d7ea31c08faa1e0be40d854db0033d913b6bb2d4464435375c3ca8e9ffbe36fbff3c8d74e6d00214084b70bcec61d80251c4a01c9c5f5b6e89485d141a1b434fe1ec4122f2d5f9fdecc9e7b632013d1d5f6bde9bbcdb6da693765bde5e69a4e512eeaab3a4a453585cbeb72791dad855c817ff88fff51d8f7a0f508412b6bbcb848065f7ba46eb510bc5371d6ae93e428ce3e256fa7edb06bf7b6de3cd7ffdc3df18bc0da65565a861091fef3948b7b5f5c9b7afb5d9fffb14b4cfbe4ab464773c6fb7c57ef6e6612c1d1fe23b1394208db0040ecc5c996cbc0348124819d1df0c61bfbcf4a58ba305ad01fbdf2eb5f4bf1e4ced2b240c8312d8010517cb20b2181de7ae7bdc4717bf10fa2eaf4ee4aebe258e888b3662fd9d83e4280d9f5767fc2933d419eb4df0d4f518810e0e6dc8e24e18b937b3d6e2f674fcff27d90d0e7a869d30b90410f6b0773c62d4d38266f150184bcbe250dbf85fcd1fd315a3816cbcfd2fab634f41ae00c58dd793dae28d2f8400c08c18500cc76766601e79048dcd2a4bef340f1f66e7e3f031f3ee01262d575ba794f3efbdd63f3ad0866db8b9f92f8304e1cb350bd8f6939d7a7b7dfbe30a0bcb095552bed2c2eae90706e3015f4fa835aab26bbdc94f2682cf6849484b4b020b4262432cf9efff45eedf254ec50ceb563d9a9181ddd393d18a835b5cf6f6f7cf8c6c87e5099303abcdb60cd5d08008af5e3700e4008ea7570eb1678e71d70e306b87c19040e3fb14ab10065d9d475287857edcccccc7029f8daa5d38140381e0d3ffef6f750753ab7d1797d22b45fd9e771302ea657dbc9b0f2f551c853e6215b85e656a179f974ae97e58d31ea38bda28a0241dcdb184a19234442c770e0c9714ef33348f1b1f292e83694337f003dc183930188090a67703863cdff5a380619bcdcd1a9435922e2031030a363aedfc1ee00a736523cd2c0058e08ec95ef3eeef3846d38dbf7e4531f1e9b8915000011c69eb0bd721505d3bd60a163b129cb97d5fe74e86099f0e742200416ee2ff8c29156b950ab556f7c79a3a53b1882e2cee6fac676a190b79137ec3f7c2750f171b50a18e5006d755cd9b8eb2449da3b1ab51c9e08291eb74c082e945b99106495755a5ce45a036242d2933839bcb78a07215014502c02af1740080c03440fef4ff4fafd5e8f27180c0682a14834168bc6fa8747fa3269ff91324ec7623bbcd2b21e96197a3c428072c3f2b94f94f3ff77c39314625af4f6c2eec5c9cc7e0f542d6c5ff9ec939d96ad080722b4347757352900509265c19910bded06c73d058490cb4bb7668163caa7befdb8483528b9b03fc11b791cedebda40379c54cc4fab6bcdfb9f7ffae5b4c42d5d899b927b767153962544140c01e79c737e28ac90edde47ee008ef41d3c780828bb21c6bcb98b43e9c74d370dd329d53afde9d0b199f79f05b8b372bfaca1a9c1d8dccc6cb55577b80499daa8b74a95aa00bc945f6f53efd860ead0b38358821071b5ca4c6d4b75e7520197fcf04e04dfdb0371888e462d9b2702586875a9b9b1beb29e5374e28b90d4388e0e206f14309b57d65879051219ba7c00214029e876c1c808f07880a21c52c8eecec6dddb375a3ad3bb2a22a854aeb8bc5ee6386ed78300f863eee221df588594ebaa69d1c9e1c4feafe592e1ca7a3e1d8fcccfcee44b85a5c5e556bb55ab3517ef4fcf2eac2c2dcc99c097491c9f18014a6eba75172746706ce0f0b90340970f3826b4548384d58e9674b685a99b94ba2558e69ead5a7b6169792b5f360dbd52abdeb97eb5542ddf9dbe9f1d1c713d881a14b641f3b32473eae0e0200478608b3dfc929037c2cb6b28947a5c9c5fa1d2b11d964d069f1657f35478a5581488002879bd6e7f289a8cc5a291a8d72defe6b7b1ec4da6b3b95c36160e1e6d42d0e5137697196ab95c4bf7f7edcf881c4bbbf6c567bb0d536d56a1ecf6b81e4e97db5ddbd85d8b192bdc36a4e460d9f229e9e140342a6c9d1597687955b4cbc81fc3f161e409eef50ea110088580db0d5cc72cf63153bb76e34e241a6b77dabb5b5beb6b6bb64046b755c86f6eee14d65797254f38b03f033cc25185086a17768b0082e2ee2e925cfbb93c5f3285ac6cd5e251ffc37d11825dfbd58f5bd4e5555061778723c9a528180987025555033e5fa7d3508289a1dc43451d4438066f9548eeccc1342d0f12783fd80807406f24e1b50d9b788d8d7ba964ac5dcdfff01737fda7bfa5765aad66071057c0efe1947320745d93116cb4f5e1b1099f4280e082daacb6016c831cc8f76e69edbbb34b188b9b376e7a2329ef7e642184426f40201e49eb7680d9955222e28b858f1ff19e05184b66fafb72f1782c93ebebcbe572b96c26938dc763b2ec1a9b3a7bfecca944f4187900000084c81da09ddaae15c864e2fb3322843042ac546e985ac7e30f85027bc99101006d9dda48498d8ea3700e11a9dbace75717336c976b4d144e93e4084e8c404f0812f9e1e009e1e33cf240887b37af307f7fd62f6656d62b85a22461b56bd64bbbe54a4540b03037e38de4fad2b123cadae3a84220d3af5fbbae1bc6a7576ef923b164742f27c6cba410c37216376b938331597af8e042f14c5f5f2699ca4c4c4c8e8d8e8e8e8d8e8e8e6762816aa5ea8da4df79f7dd91fed4c1d71f8455d6212238fe30eeb0532bdc995df2ba95e5e5f54028b41f3a0e21623bd36a7ead4b2271c92089e1a1cb1fc563b1c1d18991f1c9c989d1d1becc4826cc6beb5cef0ca4d217876301bb06eaebacb44c4b2bbcbe836303e840783c77f47bb32bb9fefecace9a12c9440f98fbc2e808c73c54feb487edb0c5f5ca40267cc218c427532b15345b48dc28549b01bf4febb6cbf57624124ea533876a163ba6b6b95df405820f6d124c3863bb1bf9f4c080b23f86d8e6d2c2622891d53b755f28160d3d9c71b5356a9a4e023569798517970982cb0ddc7fe6823b35845cfec70d988f4300a01b5624e875f9029160a0afaf2fdbd79749a7dc32dad929faa389c989a981c13ebf772fc7f6516c2a2acd435616dddedcf1fa03cbf3b3b1ec707f26d17b022f93422a8d6e5b3586739187263e848a4ba194ca8acbeff3b95c2e8291803814892653e9a1e1c148d0ff387900005869197a43070b8dda5a6b6575b398df5cca57fbfbfbfc9e03638b5a69b73bf5aed33f988308e36ec928ae4a5ad9ab1525ad4e9c8ea1b67d2e5726e2cf861417a44838407020b970280d3041c104f23c4c984b2d6d69653b994e35eb65d9134a1ef44e3a2657abc7ce58da9ab55d6c4d0d250e66e77f6e36e66f5fb9bb28f4dd2fa7b7c25ebc5bac2cce2f1059d134b5b85b342da356a976d4ce4ea1dc6d143fbd7e4f91658088efc13311b26fbb055289e0be95c5a8d3ee743d5e7f2a99088642ee0305033455135b7742b203bd51941a5582d18ddd56d84bfc840adb10b62e6c5d58dade9fa626acaeb0bac25285d915465798aa303bc2e808a3cd8d8e30dab18027ee93c30a4a05dd89802be653e21e125644d8234d0d6647d261af3084d614dd86d09a5c6f886e43680dd1ad8b6e436875ab556974453af950f382398552c51f0c05c2f1be5c3a1cf4bd7c63c8fa4ec3254be944e080e12e66befc62bb545f5e58903cbe6a71abdc300812d4b165b7d7fbe852dd2104a7acb484c3b9831be52cbdbdb155945c5eb74cb12b988c86f63e0a226875dbdb4b9a6f38974be886faebcf6f2257c050c2c16882514b6fd51af9f5cded5dd516a1be51e689ba522324398a63832810e3ad22f486d183a4d4000088702014704bc8174a0cf5650ece1785ad73b586a3870baf00000ad50e677ca82f7af8c473613b74e1fe4cc7701449ae6ece2d15b4885f2e6eaf9b0cccdcf8e2e6ec6a2a11ba3fbfd86eab859d6d87f1d2ee56c310e3c37dbd4f671cac555836eed9f7656122a5d2e968381808040eca0300d0d16c4beb447c885b86e8d691d1543baaa33662b2c9b596305ac25081a90a53156657585d616bc2d285ad0bdb108e09a8091c53305b500a988338bdf6ab9fd4a9bbb971effe666d301ddd5e9c5ed8aaf5e532f16844910900827301808018abf5fcb5bb4ba9749a1002318608434c1c8eaa86944e041e5a5958eeeb1f88c7e303037d91d0c336f63554c8f1eb2186e9fceacbd50b53995ce24077cb8dbffcf7ff9fc9b7fe203ff3ebe58a13f460299ccb04e57a293ff5c6b7cf8c1dd30def23a8652f7c220d5c3818976e19dd62a511f47beb2d359bcd1e4ca6c48b0ba5f5e532889fcbe0c6cedad5b9fcf7befbad7aa57877614d473e3914450071e245c224928c88f4e6dbef47032e000010dc59fd12853238fe247fc03eacb9cb6b5bd2d8db8736540801aededb1cce45d2f1c38b03cf477167b3526b2205352a2de6e814b993c954c82b0b4117179701448a3fec468c122f329b6ddd165cc4b283af9f9fea8de0b6c33fb9577b632a1c3ac162f383f5907dbb0b6e165a8db67e7132fd64a7d36310373efff5fc762bac383098f5030d0850d39c6838140db88be58a379c9411b375b56b328f22d6f2f568c03f7eeee2d4d05ed965d56073ebed6fd47ac8ca56cd259389c13deb700f28b96558aa549550341cf0a41309db76f476cdc19ef1f1b1a0ef891b978560d54d1c481c5ca020921c0a05dd6e4f241cdaafffb6f772b5dcdd5db55cf1d4c419121fdaae77bb4aacaedb3b6d1a4ee66cc7e4bcb702220067ee40a8bf2fa7ecfbb2ba35c8e9b1538ba3887619607c50b73dda5da358e94c0e3f738a86c7e10b0453e974329e1c1818181a1e1d191a4c2662a17024148e8e8c8e8d8e8e0df6e7727dfdfdd954dfc0d0e8e8e8d8d8683619dbf7a1b167295afb603dc40500ec29bfa51a86e5a41f4d68745204e8765ac5ed0d8b2389c0f2ee8e66d8a158cad43b3eaf7bf9febdd9c5dd542ab2b1bea548525bef5a865d2b1595707c3097ee7dd8d199fae37869c6904f6fad5f98c804fdc744e352c7e9a5bf17000ace7a6f26841c9be8e020f6f217289822c9d1c3278e43e467f3954ed93dfcfa54ba67a43954600419e700408491e01cf4165f2010003ecc0d0e00abacf2c6ae34f1adc7ad721cc4d9be87dc411c3fbc0dfdeabdad70c033391c7fca577a6276d696340774daf558aa3f954a799e10c62244bd5a927ca180e7613ffa5c63c8c3d16f63a7d1d6ccf31399e71048af202b84d8714cd3a68e656222bbbc3eaf4b01dcaed69b18214864cc6d8e14669b0e0780d340241e8b047b9ff652afa91fa3907a4b9f5b29bd7361e0c80c5534cac56a478b4412f103935d2178a35ad61c1e0947f7679647a13bb38033d27ffea8c57f1846f9c697db96bf45e21726d2d436b736b7a0ecca64b207636c39b30bbb6524c98964e260d89f305567e50b69f4dd6393831cc25efc4c1abab45f47ae4757b77f716df9c3cb0f83355e9c7bd73e5dcb579a8ddae485cbc2366ccb496733a6ae23c819947c6ea5a376308290283221b6ae71040552ce9d9d92110400d8947f32dd7873ea44217d4715b2b051a5949d194d3df5d91fcb7e85b0434310751c010491e4275ff5a556c83156d6c25ac5ed9633f1a323325cb9fbf946cd8c857ca6d69d9bbe5757754aa9e3d8b3b7beac9a724081adb6aa769a955a7d6df1be2590da563dfba5e06537af6de2c8d32bef085be38d7cd3d3cf014a447c86dafac94f7f11cb6490008d6a61767e1100649aa6d16d5cfbf24e2896708cae6618e552b156ca2face6a12499ad8657c6c87f3807dc21587d5b981d121f3a34dad49add4a533b2e0b9638523da11782c300678253c028a0366016704c6169c2ea0aa323f43630dbcdad6568a9c4ac09b552d95823adb5b5f979dccab777eeefcc7e69d48a11a096e7afb576169b6bf3566951dd5eac2e4fa77d406aefd0da26abac77aba5647f4e7eb450deb1ec479dec1f2994dbb28ce3cfb5b02384b8f28b1fcf6e9715d9e577cba55291238c21049cfef2277fd7b541201c8182334a6dc72e17cb92e282101cb429be515616e3e2373756c70762fde9c3e5c5000073577eb6d8e013fdb1d9996500a1cb852c463a6a3713f1366ce827a0566f7a82016e5b8253ac788391e407efbd1df0ee0d2ccef21738397a681fe9515879055ada32ef139c4d0d27f476e33ffec7bf3c73f972a7b05d516dc9858005bb7a2b9ccc396a8b43e49278cb06c2b45d84532c0b219d9a1a3febaecb63ef4122f7be632038101c70d6fb53702e1cdd9ef9581ab8848209c079afa3048243c1efad3530a06786c28231c019100c3026380382094601ef1de40042001080104008200210c1de3f00800883bd1f092084086ed4ea16839aa6428866a6efe58626fa93a18e6e0ac7d06d0e38f5062266b7e100ec96656adba66930804f9d39e3774940089bf2cf36c95be7fb4e3286e4ab465b7b640cf97266271af68cf61d09f23d09425cf9c58f4b303091f06f6d6e35bb5da2b8bd9ce348b89edff1fafde144b85c6838964e08d66d118b843cc1e8871fbcb37fa32ff518725821edaef9f9cdf50fdf1cf51db3b14ecc7df9ebf53a4d2702cdaa0a918090579baa4b961875b0cbcb0dd5a2dcedf511040841a6617922b90fde796ddf34e28dbcb333279ff9ce1316ad84a5dbf77f298fbd75774b0b2868341be836ca7ff7b73f4a0f0c61bbdbd16c59c6dd56c3b46d8910ea7082b8e39888285e59f62a1861c4189f989c8ad02aefd4487612420c100490008401420062880900d0d999c6bd6dae1041080540002100a180f0ea6cf9f45034ea279c0b00f726bbbd5c7d000000218018000800077bda134070d1fb07678233c029600c080a38038c09e6002110e000220140a958f2c7125eaf17420c31860403800500102100516f7a2510860072200040002226f0cf1768281cf4284f696400c17adb4e469473c30f2de1dfdc581fe98bf4a78f0f1d78324288abbffa298bf407b8b6b2b46091800269a75613bea097000cb870b99bb5963fe0f72b5035b9a9e9672ebdf9faa5d3fba682aad39b8bcdb323c1a7d67ce242cc6f7486d2de5ce2ebaa907a4bbf7a6febefbf37fe84520fc7c6bb9f08ce9cf59b403069f8cd638b380b6ada73bf04b68ea3fd37d6d464c43d94f47348e05ec91808217c5059b5671343d04bda0c008008c05e9a4f28801010d29d5961aad2f01b90c882d980b15e3b166697159705b348df59c0f983e185f7f215e8a67d73437b6f3c80091108038800c41021883080182004108270af29030800c40f861108208210038c01c210ee0f2318202c00b877f75e6668bc57d9702fe00f00ad51bcbbb079f1f21bdea739a9ea1dbba3d1c3478f0341100fc91ed7de131642fceccaf285894c3a7e7ca4f35351db2dc3766449420863041c4a29651221a6edc812114230c6114608210821141c603978601f8bc3f8adc59665b3a7361b010404f0e27828e039a679fc5e384621d7a6b7fef0dd6315223455955c9efd8573cea86e395eb7a2eb3aa50c22e4f7ed2d8e3e0e21385dbd268490865e3f54474b185d6bee671049383b89389d59ad11284e6564db322d87b915a5d78b43200c4327922218b52c8b0924298ad7eb06104188048010a13d3961c4b5b6b37d0f2049ca9c02de90b00d565b1766571a7e8bf456092102a8d7c4118408207c7fad4c39383fbe6f0a3e3a803c27627763f9579fde181cce9986a9e9bacf1fb12ccd1f08616e6facafc7fac75ddc88e546cf4e3d69bfcaf3c138fff1a78b6f9d1f48449e671e0200608ce103de42c139170041c01e0417a383c95a1ec31197d06379620bfa5d7378a66e5974bbd83a584de600ecb39fffa86591b0df6dda0e67ac52d8faf2ce7c3c1eab17363fbf7a6733bf9b88c71dcbd234cdb42cdbd29797d764c545299725a9f76b4308713823f4365dfb52982ac012a036d79b6c6b9a6edfc5912c4a0c41a220c58bdcc19241fa2726db14fcf8e67a7aea35e84f8070867ba2b716d68dd0902fd1bf566edcde513577323630612a11db1da3de58d5e00d1052621918cac9894169f075144a09ad29b426840067cfca13efe37006ca6e28b9a0a44022432c414c00c29ae1dc5d2c9d1e4d79dcf28191e181a1f5dc083a7be36ab96554cb795f28665926108c32d0ac9523919865981d55ad55ab42728d0d1d9710ecc550356bb3d01c1b883edf3e3021f8ad9bb77ca1a84c70cfa955d959bd37bf198df8cbbbdbf7a6efad6e56d2e92446a0b7af8e3a76473364893c18e7f738f8389ffcf3b5e2f018d2528d2fee6c7ee7ad31f7710efbcf3ffeebf9f5523812e976b548321b0d78b6d657903be85508830a7734cea88241a9c3637ed4a58ea339e148c405f91b1ffe413cfc8847553826ab6ef0c6ae10146219c50648b4ff60f956d3a257ef6d7df8c6b0da28fcd5dffc1841092200244f5f32a9764aadae130ec530346ce8b6ba6d4542adb61a4fe53ad55d93638460241af2f8d21f7d70f9e99ddb030cd3f9ecf6463cecbd389579f248f81ca8cd5abe54f5fbbc96ed60447c3e77a3a5ba5d843100057738772c2310496653cf9698eba9082166968b8645df3cdbff7cbf9310e2e31ffd7553b563f19823503ce4b5cccec2d26e5f5fdae3f1b4db0ddd02f1b05f334c464d194b36e396e364b3394972bf79f9f1890a5e120e8f21b6c3b60acdc16cf8d824cddd5693b8bc823b9472cbb2fcc1b04bc2102304112604416ee9463491f404430aa41c4a3e8f1b631c89c533b9be431d18c404f9e338314c92a3383e84bc91435e600144a1da8e04bd04b28eaa85827eddb404001c009fd723cb0a840863002001d4e1588946c3b170b0dd6ebb7d418f4224b72f95ce2613e113b60acb619fdd5ecba542e7279e2f34e329286e4f2c160b0443914824140e79bcde6834120c8642a15030148a4622f17822e07b4e2be80918a6b3b4597de34cff53fd484fa05828006ae67777b776763b1d3514f4b73b96deae6816b31d5b6fb79a1dcdef7553c76ed76b857a070babad3109e1919127e53b7e29383c867434ebb39beb1fbe31ecf31c1389c819751847405026d0a395957b73040404e53d5f38e7026204840010e127c4fc3e0ec6c5edf97c32e21b48876ccb829850c7461873ce21440008f0200d0042883a14618431a69442841044427059564ed8d435ddfae4f6465f2270662c7d640de4ab61676da9d85453e95c2e93a2b685898431129cae2f2f98c83fd097decfd2e2d83691a4af4aa577e67765199f197d8a87fdc974d58ec301b74d470028182692e042708e301600208828b511220801ea38006249228231d9e3f57b9f188bf432705821edaef1f9ad8d6fbf39ea711ff5f6feae59dca8561bddf75e1bfa6a1acb6368768c2fee6c8e0fc62606bf620be720335f7ebe51a94f9d7acd506b2b4bf3de50221289b865bc3c778f448607d3de4ed744826ab6303bcddc40bfed800b17ce3da934e6096877cd4f6eae7d787924e87b6cacc32b9ecce191b757b9f2b7d48f3e2bd964a0d6d49637aa474363be12baba7577a1f0eb2fd72e4ca6c7077e8bf2e8a5b2601c52ab337bef5eb9eb749bd5b9d97b9f7cf60503b855c9df9f9999be736b796d2bbfb9de6937eedeb9dbd6cd17f40ed80ebb753f3f928beeafd8bee239383c863c98a98fbe60eff555a119cef5e9adae61bd7b71301af21edb661817b64d6d8739945b0eb52cca852004490407bccad11d8286e9ec563a6bdb3555b70732e1b3e3a9174fa9f854caf9adff7f7b77d6d44676c501fcf6ed4dbbd08e102016c31863c713e349c599d44ccd27c873be42bee2546a320f299bb1cbd863369bc5182d68975aad6ef576ef9987c6ae98c8020b84847d7f0f2a285e5485feddea7bef39a7d2eaf87c32024c1c1b80aa1dddeb950dd392650fb14d8750519231e64441704c1dc4e037cb0b628f15c58b7af2f25814f0daeae911746630671362dae497f5bd6f6f6726e303ee2e5d390a50a8282f764f1c87c8a2908a07bdb2d0351dddb03a9a65da0e42c063ccf358e0b124f2b224700839146c87b45523930c3d589d060aaa6ee64e94a3628302047d72762a929d8a0c30c9f6f2282588eb3175e54cd3164a083a7f384b0f00b075503ea9aa3faccd0fb6c2cb7c70362108a1df5ee5bcb2787769c073a04342299836e91a56a1d2b62cc7eb11fd3e39e0956489972581c798e37af4a4314cfbdfeb7baa664b029644612a199acf444301b9d76ecf70b96578ee1931b55e21722012f49ff6c24380100740aad5ba28c9a16090e779a04ea356914289a0e7fcca82334a35f5d956fea7bf2cfac7e061f2a6eb919052557d735c7b743f7b99f5c1f1e1106a980e8f39591246f77c455f6f6e1c159a0274352aa6427ecd713c9e802c40bd5a56753b100cf8822130d4bda3fc743a23caa2a177382cc653e9aeda9a59be3b9fbee8a1434535febb71b4b63a9d8a7db401c50ca6470652f1e049b59d2f7dd4b2ffe612781cf0495e8f38ba78208470576bbdd9dd2d16cb8ad23adadbb328572c16ab95b2619aa669c912dede787e5428f15838c91d6d6fed289a8d2c6d7373bb5aadd4ebcad9cbd827142acacf4ff656169349168f2bd2e31e82107afce278fdf7e37ffdf351cf7d4366009adaacd49aa22871186300af3f84058cc1a9d59b92247b648910e2508a809a86c9612c4a928831c23ca134168b9f7b3f376de7f976a1ded4fff6e76c347ce37721c647ef84b43bc6cf8ff77e7cb87015cdd498a12b54dacfb6f2d3c9f0dda5147b34bf5abd138210da3aa8541beadf1fcc8f64b587b92087d08d9d42aea4fcb036cf2e67c3f0c94fffca7c82e7f0fe71edec1f98b1d1e95abf3e3db41dfa8f9f56593c86e493f710b7a1c17f9e1edc5b4a67a706a94d638647eb5aafdf560ff38dd55ba9e5b9c4b9f5dfccc0fa250421d450f45f9fbdfdeb9f66072e4f63ae1000d2bbd6d3ad5cb3ddcd4e4597b3f15ec5d2cc553a272108a17a4b7bfc32f7fdb7b311b642325286653fdf29e64acada4a662e339ad3005fa1f3138210ca955a4f5e1efff8dd4232ca56d947c0b4c8f641792f57fb269b585d4cf62a906686e542094108956b9ddf5ee51eae66d2c9f3dbb43157c5b2c9d67ef9b0d0984986efdf4eb395dceb77d184b85fb77e593f589e4bdc5d9a1ce9fef457a16bd85b07e5b7f9c65c26b2b29062cf1ba3f2190971376ed75f1e5b3679743feb67ffb3e150756be7b09c2fb5e6a6a2b71712becb8e72672ee5f312e29e457ffdb6b673587a78677a76aa475f466660cd7677f34da9dc549766122b8b4976e4671c7c76425c0d455fff3d274bfcc3d5e910abf0bc1c0a50a97736f74b5dc3b9351b5b9c8d49ec597c6c0c9810776dfecd51756bbf944e86ee2da703ac14e1f3510af9b2f262f744e0b93bb752d3a9305bc31d378327c46598f6debbfa41be2e0afcca4222930cb3f5968ba0140a156563a7e8f38af796d2f1889fed8b8fa7cb26c4e538b4a176b7f74bb5a6968a05ef2c266313becbf629fc120180aa99e55a673f5f47087db73a1d9bf0fd7f6924333eae26211fd836392c34760fab3ccfc5c2be442c3037a25af07100801c87d415bdded2b4aeddee984aa72b601c8ffae732d1742238400d3a73cdae38212e00d46ceb7545cf9f28a6ed7cff602ed8ab3fdd978a5068287abed42ad5dabae184fc9ee884cfef95c201391af6b16fa137cb5012f20100bc2bb6d65f1dcf4c8697b28948c8fbc5dc4f00904388aa5b6dd5a8b6b496a2b775cbb12920c01c0a063c93f16026118a47fc6c77f5461b6e425ca6e51ce61bef8acd8e6e4d04bd3393e170d0234b825716247134dd15000000510000a01401c0fb9f81104a280075a7e6200004880245b6430cd3312ca76bd84ac768770c1e735e590a04a4d8843f12f48602b2c0638ee330e6787c76e41f73435d47423e208456ea9d77274da563da84da964328f579a5f8442019f347825ebf4fbacc4d0600ba86ddea18f596ae760c9b00007508104208054a80504a01114a8102e290db3f88431c87dd570e73c89d128339b70d31e776f8e7384e12788f2cc812ef95a548d8130df9aebfa51073fdae3521ff8b0210426d87aa9ad950b46a43efe8a64d882cf09109df643ce8f74892c80b3ce630e78e9f3a7d41c80d03054429d5bb564bed569b9aaa99a645380ef93c6224ec0bf9649ee731e63046028f31e6de779de3dc49ecef2ff26e004e3b739f06e6f4978fdf31f3551a59427a322c5bd5ac7a532bd5d5aee1d80e2184bab3d0dcc92beec717dc370d8010277b8489802711098402b2df2b7964916d2c305768bc12c230e3867d9366987e584218a61f961086e987258461fa610961987e584218a61f961086e987258461fa610961987e584218a69f3f00ea041f8880e131130000000049454e44ae426082, 'form-medicina.png');
INSERT INTO `preguntas` (`id`, `id_cuestionario`, `texto_pregunta`, `orden_pregunta`, `peso_pregunta`, `imagen_pregunta`, `nombre_imagen_pregunta`) VALUES
(9, 2, 'El APGAR es un instrumento que permite la valoración de la funcionalidad intrafamiliar, fundamental en el estudio de la dinámica familiar. El componente que hace referencia al crecimiento dentro de esta herramienta está relacionado con', 6, 17.67, NULL, NULL),
(10, 2, 'Al observar en una Institución Educativa la dificultad de las relaciones entre los estudiantes, mediadas por actos de violencia y agresión, incluso con los docentes, deciden implementar un proyecto de intervención, con el fin de dar solución a la problemática. La mejor forma de socializar el proyecto con los estudiantes y lograr su participación sería', 7, 20.28, NULL, NULL),
(11, 2, 'El enunciado que dice que el médico, no importa si el usuario es un hipertenso o un asmático, el deberá considerar a la persona total en toda su dimensión, en su contexto familiar y comunitario, reconocer las emociones incluyendo las propias y comprender las relaciones del paciente con su familia y con el médico. Hace referencia al modelo de atención', 8, 9.49, NULL, NULL),
(12, 2, 'El familiograma es una herramienta que valora las relaciones intrafamiliares. Posterior al análisis del siguiente familiograma describa el ciclo vital familiar según la OMS de Bohg y Valeria', 9, 12.56, 0xffd8ffe000104a46494600010101006000600000ffe100664578696600004d4d002a000000080004011a0005000000010000003e011b0005000000010000004601280003000000010002000001310002000000100000004e00000000000000600000000100000060000000015061696e742e4e455420352e312e3800ffdb0043000201010101010201010102020202020403020202020504040304060506060605060606070908060709070606080b08090a0a0a0a0a06080b0c0b0a0c090a0a0affdb004301020202020202050303050a0706070a0a0a0a0a0a0a0a0a0a0a0a0a0a0a0a0a0a0a0a0a0a0a0a0a0a0a0a0a0a0a0a0a0a0a0a0a0a0a0a0a0a0a0a0a0a0a0a0a0affc000110800e0010203011200021101031101ffc4001f0000010501010101010100000000000000000102030405060708090a0bffc400b5100002010303020403050504040000017d01020300041105122131410613516107227114328191a1082342b1c11552d1f02433627282090a161718191a25262728292a3435363738393a434445464748494a535455565758595a636465666768696a737475767778797a838485868788898a92939495969798999aa2a3a4a5a6a7a8a9aab2b3b4b5b6b7b8b9bac2c3c4c5c6c7c8c9cad2d3d4d5d6d7d8d9dae1e2e3e4e5e6e7e8e9eaf1f2f3f4f5f6f7f8f9faffc4001f0100030101010101010101010000000000000102030405060708090a0bffc400b51100020102040403040705040400010277000102031104052131061241510761711322328108144291a1b1c109233352f0156272d10a162434e125f11718191a262728292a35363738393a434445464748494a535455565758595a636465666768696a737475767778797a82838485868788898a92939495969798999aa2a3a4a5a6a7a8a9aab2b3b4b5b6b7b8b9bac2c3c4c5c6c7c8c9cad2d3d4d5d6d7d8d9dae2e3e4e5e6e7e8e9eaf2f3f4f5f6f7f8f9faffda000c03010002110311003f00fdb8f11f8d3c29e0fb8d2ecfc4bae416526b5a9a69da4a4c4837374c8eeb12e07de2b1b9ff00809ae5fe3635daeb3e0216b75aa460f8e6dc4a34dd192ed5d7ecf71959d9bfe3de2e9999790768fe235aa333bfb4b97b2bc8ee51b037857f704e2abdeb15b724752ea07d4b0152f61a7a9da236f50dea29b6d9fb3a6eebb454163e8a0028a0028a0028a0028a0028a0028a0028a0028a0028a00a9ab788342d07ecff00db9acdad9fdaee0416bf6a9d63f3a520b045dc46e62158e073807d2bce3f6a7fd98b48fda87c37a3f87b55f186a3a1b68ba85dde5a5ee988a655967d32f74f0c0b7dd28b7ad229fef46bdb3401db49f133e1cc512cd2f8f746547fb8cda944037c91c9c7cdcfc92c4df4910f4619f8d754ff008222f81f50b8bf9a3fda3bc5012e2211e9f6f369d03c76416de3b60c146373182deca363c6e1671f4e6803ece9fe21780ad6da5bcb9f1ae951c50cb1c734afa846151dc908a4e782c41c0ef835f397857fe097be07d146ac9aefc58d77544d76f2d2e753b76b78a288bdb0ba1098c2f298176f9c939dab401f42ddfc58f85f63752d8defc45d0e19e0cf9d0cbaac4ac98049c82d91c027e80d7caba97fc11efc13ae78a0f8bf5df8d1aacd7ade2b83c40d2c7a442b9b95302cb160b11e4c90c4f115c6409dce4903001f55689f15fe187894e3c3df11344befdcbcdfe87aa4527eed55599fe563f2857524f40181ef5f397c34ff00825af847e1768eda1f877e28de449ff08f6a1a32de41a4471dc1b6bcd3edeca4563bca103ece9301b061c2f38043007d2579f133e1ce9d66ba85ff008f34682078d9d2697528951943229604b6080d2c609f59147715f22eb9ff000465f06f893c2969e0cd67f683f114b65a63a47a5e34bb70f1da7da63b996073fc65e4b6b3cb0db816abc1c9a00fac65f8c3f0b61d762f0dc9e3fd205e4d14ae90fdb93388e5485f2738044b22a60f258e0720d7cc1f107fe0917e12f88de163e15d4be37eaf64b1e9f6b059dfe9ba3c11dcc135acf3cd05c6fc9dce0ce4be461de3473c8c100fb0209e0ba812e6da6592391034722302aca4641047504566f817c331f82bc15a478362bb7b84d274bb7b25b89142b4a228d63de40e013b7381eb401ab4500145001450014500145001552fb5bd334db8b6b4d435082196f6630da472ca15a6936b3ec507ef1daac703b29346c4b9c22d26f7dbcfd0b7488dbd435050b45001450014500145001450070763af6977f11923bb4464e258a570ad19f420d6eea7f0f3c3daa5c7da6eb4f89dbd59066ab989e530f48917c51acc3169ec5ed2da4df2cebf76461d141ee07527d715d8697a3d9e930886d615503a0518c526ee34ac5a550aa147614b48615f30fed2d73ff050e3f15aea3fd9fb4cff008a7e07cc73eeb131c9035a20508b34aaed3a5c8999d5b6a1430ed62776003e9eaf903c46ff00f0559b53673783746d2e75b9b0796eedb52d46cc1b5b92ec7cbf317ef20408a0853f313938e801f5fd79cfecb52fc7c93e1341ff000d276d1c5e285bdb85996268886803e2263e533282ca01201e09c5007a3514005140051400514005140051400514005140057997ed55f117e2b7c37f01e9da8fc20f0ec9a86a37bafdbda5ec89a4cb7bf61b270e67bb3146433f94a37edce5b1b472c2803d36bc3bf637f8b7fb4afc519bc50bfb45f812dfc3f2e9b7d1c1a4db5be9f344b71193216995e41f3afdc4ec43236460ab3007b8d4735e5ac13476f34e8b24a488919c02f8e4e077e28024a0f14005323b8865768e3914b27de50791d7afe47f2a007d6678d3c59a4f80fc21aa78df5e32fd8b48d3e6bdbcf25373f9512176da3b9c29c0ee6801fe22f105b7872cd2eee6dae2632ceb1450dac5bdddce7000fa027f0af9abc71ff0546fd95ad04371737faeaae931a6ab763fb2391161d4463e7ff5ad9c8538c8efdab4a714eedf457339c9c6c97567d09ff0b008fbde0cd7febfd984ff005adcb4b8b5bfb58afad2412453461e2753c32919047e147353fe5fc4769f7308fc4245fbde0fd7c7fdc29bfc6ba1d8be947353fe5fc42d3eff0081cf0f88b6c783e13d7c7fdc25eba2000e828e6a7fcbf885a7dff039d3f11ac870de17d781f7d1e4ae8b03d28e6a7fcbf885a7dff039dff858fa7f7f0eeb83fee0d2ff00856beb3a9dbe89a5dceaf759f2ada069640180242827b9033c77347352b6b1fc499c9d38394a564bc8f24d6ae3c31f1d3e355be85ad34afa4785523922b396da5825875ddd1dcc5217c0d8c96eb9001f996e240c0838ac8f19f8b3c49f02ff00664b9f8f57bf0c8cfe278e0bff00156ade19b47225babf1a6dcca2d777cdf3ed8e38723232bc71594214eba94dae975f86fe67cfe1b0dfdab5638dc5c6f17fc38b4d5968d4e517b4db5a3b5e31b2dee74906b9f1f3e0d5a456de2bb393c7da35adadd4d77ade9f6e916a718405a28cdb20db3b1002ee4c12c738af9ee5ff0082b578eedfec266fd90bc44cd7f16a10aac2d2bb5b6a1023f916932ac24a99cc4ccac320473db139326042835b37f9fe67a0b2c9d156c3d79c6d7d1be7577d5f3de5a744a49743ebaf017c53f047c4bd39350f086bd14ee6de29a7b293f77736cb22865f3616c3c44820e180af9abe12fc69f0d7ed89f17b57f0de9df0def7c1fabffc23c6e5bc65a25d345a82086f9e38a29b318051822b056cf75231cd17a91e97fc04e79cd04ef1855492d9b836fae8eebcd7bde5e67d715e5937c42f8c1f0afc429a7fc4df0d1f10e83a96b4d0e9fe22f0ddb1dfa55b30050dfc2cd9c024a9962dc001b982e69fb48a767a0ffb5f0f4ea72578ca9bbd93945f2bf3e6578a4fa5da3d4eb33c27e2df0df8e342b6f13f8435db6d4f4dbb4df6d7b6730923957d430f7e3f0ab4d35747a346b51c4535529494a2f669dd3f9a34e8a0d028a00e76ebe277866d3e2bd97c1b95e6fed9bff0fdc6b10288bf77f66867861725bb36f9e3e3d33e9593e2ef80fe1cf16fc68f0dfc747f126b761ac786ec6e2ca2874dbff2edef6d66657782e1369f3137a46f8c8f9a353da803b8a2800a2803c47f69ebcf8dfaff00c54f01fc21f831f1917c0efaedb6ad79a8eac3408751775b54b7d9108e660aa0998927afca2b4fe27927f6bbf85a17aff6078971ff007c58d7a18597b3c255a8926d38ee93defdd338b10b9f134e0dbb3becdadadd9a394ff866afdb931c7fc145a7ff00c35da7ff00f1caf2ff00d913f639fdac3c1bfb4ddafc4ffda42fb4cbd1a46bfe2dd557c43a5eaf3bb6a1fda22c96d6dbca76fdd4085f5293cac6d4221c741597d7ab768ffe010ffe44d3ea94bbcbff000297f99ee5f03be25f8f7c37fb38f887c5bf16fc503c55ab784355f105b5e6a89651d89d423b0bcb88d18c69948c948941c6477a97e05deea7a6fc1cf1cea1a2e90750bc87c75e2d7b4b109bbed128d52ecac78efb9b03f1a78db7b54d24af18bd125ab8ae8b427077f64d377b4a4b577eafb9837dff000511f835a11b2b7f13687adda4f790993625a89542824330607e75dc30a40f9b3903838e6ef7e36fc7fd4f51d2efb51fd8ba4bad43487794cf73a5ca0c09e580e20711b2ef2ae540563bba0fe2c719d674169ff050ef85faa7862eb5ed3bc35a90961495a2b6b968d370560aa492d90adb90eec60063cfcad8c887f688fda44ab3c9fb1b5cce23b15b89b1633444c6dbff007481a2f99c607c9c37cc72a0900807bb7c2cf893a3fc59f065bf8db42b1bcb6b7b89658d61bf83cb954a39424af607191ec455ff0005ea37dac78434bd6755d19b4ebbbcd3e1b8bab0742ad6f2ba0668c860082a4907201e391401a745001450014500145001450078bfed3337c6ef117c47f037c29f833f19c781e4d6adf56bcd47561e1f87517916d56db64412560aa099d89239e056b7c4701bf6a7f864319ff8917893a7fbb615dd8697b3c2d4a8926d38ee93def7dd338ebc79ebd3836d277d9b5b5bb34793fc4ef85dfb6e7c3df855e23f8a1a77fc142ffb4c787f43bcd456d7fe15b69e12e1ade2790c45d642572536923915d2dd7c2fbbf855fb09fc4cd1b52d0d74cb9bed1bc53a8cda6c4ea63b65985c98a38f612a144222e01eb927926ba28e25cb170a768b4dabfb90ebbad8c6ad04b0f397bc9a4edefcba6dd4ebbe3d783f41f1ef83343d535bf89d1785353b6433699ab6d432249242049b033027e527201e9ed5cb7ed50ff08edbc29e0fd5be2e68facdfd959594920b6d22e963f94adba166190d210ed1e114e792c78535e54be367a11f851c8ea5fb3a785adfc30da269ff00b736a36ecf14696d76ba8a4b22cc8a659641998ee2c9b982ff000ee279f940e0f5a93fe09b36d60daa4f79e2ab8b5ba898497826990ac28b22348a4856d9fba272bf7db6fde23e5451eedf047e08695e14f89367e2f8bf689975d9e3b795068b14a1627fdd947ca79ac7e563bb9c9539e7bd3ff669f823fb3cdf5dd8fc7ff85367ac0746bbb5b19efef9c89235c5b6e287aaec85426790bcf526803abfda2fe296a1e07d16c3c17e11f0447e27f13f8b2692c742d0ae5f65b49b5374b3dcbe0ecb78d082e7049dcaa396158df1735fd27e1cfed3df0ffc79e30be4b5d2356d1f53f0ddb5ecfc456fa8dc4b6b3c08edd13cd5b6950138059557ab0aedc3538ba33a9cbccd5b4f2eeedad97fc39cb5ea49558c2fca9df5fbb43ce26fd93bf6c4fdc78a97e3cfc399350b7b91751f864fc2f8d34d3203bbcb33097cfdb9c7cfd7201c718af57d0ed3f69f6fda3f55d4bc41abe889f0d8408ba3d8dbc6a6e99bc85dcf23150411306c00482ae3d394b1b5568a31b7f863fe571bc2d36ef795ff00c4ff00cec687c00f8b17bf13740bdd2fc53e0f3e1cf12f86ef7fb3bc47a079e245b69822ba49138c6f8248d95e36c0ca9c100a915cc7c09d4b4df885fb487c4ef8b7e0fbe86ebc3e6df4af0e437d6ce1a2bcbeb1fb5bdd3a11c388cdd2405871be275fe1a789a7054a1512e572bdd7e4d5f5b3fd05427373941bba56d7f4f91ea96de31f09de6f16de25b0731bc89205bc4ca9462ae08cf1b58107d08af947c5bf0f7f6099bc697f73e28f1edee9f7726bf793ea305d80166b9692e249d5b7464aaa66519240c20193b6b88ea3eb01e2df0b34493c7e23b064926f291d6f10867da5b6839ebb4138f404d7c977de00ff00827ede78296f1bf68388e8f1eae924724577008e0796091911c79432a56295f73e4955642c50eca00fadaf3c4be1fb07115deb5691b16650af70a0e41008ebd4138c57936b9fb147c33f15788af3c5f378ab5adfa95c5c5c34514d098544ed233ec5319db9f306187cc36020e4b1201b9f1a3c49e13f1be85a1fc3a82e25d46dbc61af43a7c92691728c1218d64ba959cf23cb296ce8ddc87c0ae5be157ecfbe19f80bf1c2c346f0478c267b5bef0d5cdc6a5a5dfdd47e6c8f13c11432c71a22808be6cc0e385322800038aca6b9e4a1f367879a45637174700fe195e73564d4a31b5a2f5babc9a7a27a26ba95bc7ffb54eb337c47bef08781ff0066df1c78a22f06f8885b6a7a9e8f6f6c6dde7fb1ef31af992a9242dcc79c8c75ae6b5fbff8cba77c3bf8e975fb3e7896d74af189f8b96f0e85737f651cf6ed3cb6ba442a932c9c0858c803b2fce10b14f9b6d7ad53d8e1a941725dca37776fbbede87743dad7a93f7aca32b2d1765fe67aefc09f8eb07c68b8d774cbdf861ae785353f0fddc11dfe97e208625988962124720f2dd8105463ae7e5aa3f0937ffc347fc5512e376742dd8e99fb0b563888525469d4846dcd7befd1f99a509547567093bdadf8a3d3e2b5b585cc90db468cdf79950026bc53e367eda3a0fc1ef8d167f07e5f0e35ecd3d9417134e2711aa994cca23dce02291b236259800af93d2b90ea3db6555742aca08230723b57ccd77ff0524f0fc3a6ea5a947f0bf54f2c459d158cd1b09dc425d95cab1c104c7f2ae5be7618cc6c000f53d37c67f0775ef0bdcbf8fbe00de45a6eb16b612451786e790c7a46a05a6f39bcd8907eee525a5db2ae3064cb060315e7379ff0528f00e97ac5be81a97c34d7bce9ada6769a33108a378e48e30ac5986d0c6781831e024bb891b5b10e9c5bbeccf2ebe5183aaf9e09d39daca507cad5ddfa68f5d754faf767b4fc36f8a5a27c43fed1d320824b4d6343b84b7d7f499f3beca768c385c9003a104ed71f2b60e3bd737f122f6d60d2bc37fb42e95ab5ee990e9ed04faa5a2c1cea16374ab1f9332647cc8d246eac7250a301f78832e72a7f16abf239eae2f1995be6c5353a4da5cfa45c16c9cf5b4aef4bc52b5d7bbd4f4f1c8a2b53dc0a2800a2800a2803cfbe377ece1e04f8f575a45ff8b353d774fbbd0de73a75ff0087f5996ca64132aac885e32095608b91fec8af41ad6957ad46fc92b5ccea51a556dcf1bd8f9f6dff00612f87b2ebd77a79f8b5f13bcb86085d3fe2e0def563267f8bfd915edd65ff002366a3ff005eb6bfce5ada58dc52827ccfafe860b0d87f68d72ae9fa9c9687f02edfe1a7c08d57e10fc22d76facee6e6d7516b0d5b54be92e2e12f6e9a491ae2495b2ccde6c85b3d6bd06b9ea549d59734ddd9d10a70a71e582b23c374bf017eda5a178b6d2d57e27e8fa9787e0bf8bcc7bb5d970f68ae9b81c467749b4367900f4c82723dcaa0b0a2800a2800a2800a2800a2800a2800eb4500701f1bff00674f037c789348bbf156a9aee9f75a1bce74fbdf0feb32d94c826555910bc6412adb1383fdd15df3fdd35a52ad5685fd9cad7339d2a756dceaf63e74d17f604f85be31f07793e24f897f122ee0be8a586f2d67f1e5e34734659919194b60a95e08ee0d7b9fc3ff00f9146d3eb27fe8c6aebab8dc546a7bb36b639e9e170f2a7ac575fcc9751f05f8535cb1b7d375ff000e595fc36a856de3bdb6594202850e37038ca92a7d4122b52b8373b36302e3e157c31bb564baf879a248198961269711c921c775f491c7fc0dbd4d6fd0056d2746d2341b15d3343d32deced919992ded6111a29662cc42a80064924fa926ac1700e3140191e3df01f847e267852f7c11e3bf0fdb6a9a4ea10f977963769b9245ce47d0820104720804735ac24cf45355194e12e68bb3138c66acd5d1f3a7883f61cf08586a9a36807e317c4693c3d7da935bcfe1a97c6139b5308b799fcbddfeb36e51463774e2bd33e31fc5bf869f0f6f345d4bc6de38d334d8ac755f36efed378a1a246b59d558ae770059801c7248aeb8e3aba849b9ecbf55d4f2f153cb70b6756518abeb7692f9ddf73adf06f833c2df0f7c3365e0ef056816da5e97a74021b2b1b388247120ec00fcc9ea4924f26b869bf69ef0cea57b3697e05f04789fc432db6ad169f75269fa3ba45133eecc9e64bb55a35d87732938c8f515c12aca72bc9ddfde0b38ca62f921513b351b47deb37d2d14ec79478ebe367ec8369e30d4975bf847ac5d5dc5ad4f69aa3db698e7cc98caeb23140c3cc3e79917a118673900e0fa5c1aa7ed01e3196da6b2f825e19d06192fee63d41fc43a80b89d610aa62991215c31672c4ab30c0507393c2f68bb3fb86b35a336b929d4776d7f0e4b6ff125a767b3e8cf24bef1d7ec85e2182fecb47fd9ef51b8d475185ef2dec2f2d3c9373736b03808c51dcc4ca246038e581201c293eab0fc02f8c9e228ed6ebc73f1e858ce74ab8b7d4a2f077872dacc4b7123385b88e5944b2232466350338263c9eb8a5cf27f65fe1fe62fed0c5ca29c30b3d537aba6acfb3f7dbbbdf66b5d5ee47e05fdb27e1cf8a7c45a7f835b47d56d6eef3511a746cd6a3ca49f6cd80496dc14f91261b6e31b09dbb80a91bf626f835a8a31f175c788f5d964d3e0b49ee353f125c06916228c24c44c8164664059d402c4b6786228bd4fe5fc7fe00de23376af0a11d96f52daf55a425b6baeb7f99b57f7fe1f7fda934cb51a7c92ea0fe05bdd97a9700c71c4b796dba22807de259181cf453c56df81fe0c7c39f873adea3e24f0778663b3bfd5846351baf3a4779820c2825d8e31ed8cf7a1464ea733b18d2c263a79c7d6eb28c63183824bde93bb4eedb8c796d6d9369defa58f3bf107ec87e2bbaf1e788bc69e04fda6fc65e168bc4baa0d46fb49d2e2b47816e3c88a12cbe644cc32b0a719eb5edd5db1c5d78c546eacb6ba4ff347a6f0f49c9cadabf368f3bf811f01aebe0d5debdac6b7f13b5af16ea9e21ba825bdd535c589640b0c5e5c71a8895570067b679af432c056756bd5ad6e77b7925f9174e953a57e55b905d693a5df295bdd3a098124912c4ad9c8c771e9c7d2a596e22850c92b0551d598e056468da5b95ffb0b4248c20d1ad36ab160a2d97018e727a75e4fe66b83bcfda37c39ae5e268df08b49b9f175dccd7712dce9783636f3c11ee31cf71f763cb322f19396e9c1a8f690ee79b2cdf2d52e58d4527ae91bc9e9baf76faf97c8ed6ff4ef0a69d6535dea1616105bac6ed3cb2c28a8aa7ef16246307be6bce63f81be2ff8b3226b7fb46788d2f2cee34b8a29fc03a53e3498a75984a6577204b72d9441f310806f1b486a5cd37f0afbf4ff008264f1d9857ff76c3bdae9d46a0b7dacb9a774b5d62bb5c9affc497ff1c3c531f85bc0ec63f0de81ae6cf15de5fe9cc135231aee4b6b52e31220936ef90703600b92491e996b650595ba5ada4091471a858e38d70140ec00a7cae4fde7fd7ea3797d6c45452c5d4e649dd46378c7d25ab73b6fad95fec930e46681d39ab3d60a2800a2800a2800a28032ecbfe46cd47febd6d7f9cb50a6a16363e2cbf17b7b0c3bad2d8af9b205ce0cbd335724dd356f3fd0cd34aa3bf97ea6d5513e24d081c1d6ad3ff0217fc69724bb17cd1ee5eaa07c4ba08193add9ff00e042ff008d1c93ec2e68f72fd67ffc253e1eff00a0f597fe04aff8d3e49f661cd1ee685679f15f8717ef6bf65ff814bfe34724fb30e68f73433ce2bc77e257ed273d87ed05e0af811f0da5d2ef6eb51f3b55f185ddc5c0f2f4bd1a24640d907fd74b3b469183d9243d057651cb7175b0b3c4a8da10eaf4bb7f65777d6cba6ace1ad99e0e86329e15bbd49ec92bd92fb52ecba5deef447b16715e43e3afda40d9fed1fe0bf815e09974dbb4d434fbdd63c5fa84b7036e9fa7448628429071e6cb72e8141fe18a4a54b2dc5d5c1cf14a36841a4dbd2edec9777d5db65ab1d5ccf094b1b0c25ef5269b496b64bacbb2e8afbbd11ebd599ff098785f19ff00848ac7ff000297fc6b93927d8ede68f734eb12ff00e22f81b4ab76bbd4fc65a5dbc4832f24f7d1a803d4926a5a9455da2675a953579c925e6cdbaf2ff107ed83f01b42d49b45b6f188d56f535186ca6b4d12d9ee9e29650c5776ce15708c4b13818f7151cd1bdae70cf38ca69cb9655e17ba56e657bbd95afbb3d3dcf18f5af208be3dfc51f175dda2f84be1b699a358b6a7736fa85e78af5d8e39638115447711430ef320772d852ca404c9fbc28bb6f44fee644738c24da54d4e576d6909daeb7bb6924bb36ecfa3dcf45f87efff00148da71de4efff004d1abc7fc13e09f18f8a7c25671fc4cfda5278d64d36eadaf74df0b5b258c2649259312ac8774a1954aaa9047dddddeb5aded5cdb507fd231a398e2e7497261a4b46fde9416b7764ed293d7d1dafaeba1ec9e2cf1ef82fc07a4cfaf78dbc57a6e91656c81ae2eb52be48638c120024b900649007a9205707e1df837fb35f876e9f526d2f4fd4af66b2b7b4b8bfd6e76bc9a78e1da630ed2eec90515b3d770cf5acf96bff002fe7fe468eb67138be5853868ad794a5af5ba518e8ba3bebd9162fbf69ff0009de5e5d697f0ebc21e23f16dd58eb5069b7e9a2690e23b7790337986594246d1a843b9d4b004a8eac2bb38fc5be118944516bb6aaaa30155f000fa51eceb3ddfe0374733a8df362631574d72c35b754dca52bdfba4bd0e1a0d6ff006a7f165d40d0f837c3be15b3fb5dca5dff00685f9bdb9f242a88644110081892e4a93c051ebc7743c65e13073fdbf6bff7f28f632eb70597b6d39e2672b5fac56fd3dc8c745d3a9c1dbfecf9e2ef1358c71fc5af8e7e20d63ccd2a5b2bfb2d29c69d6b3991d8f9bb61f995c2b2a021b80b9ea4d77dff0009af85719fedfb5ffbf94bd85f74dfde2594658e2a334e6ace3efce53ba7bdf9a4efbf5f4d8e19be01fc1ff03788bc397be1ff0087fa6addc97b159cd7f716e26b89a182ca65891e4932cfb4226327aa83d6ba4d575dd23c4dae680340d461bbfb36ad2493f90f9d882da7424ffc0980fa9ada9d25084ef1b69faa358e032ea338ba34a09e89da2b64b45e8ba763a7585546140000e0014f1c8cd67a9e908881682768c9a005aa3ae788f44f0ce9b2eb1e21d5ed6c6d608cbcd7175308d1147524938c526d2dc89d4a74a3cd3692eef42f57986adfb50f876edeef4cf855e12d63c6ba8daadab18344b6db014b80191fed12ed8ca8460c48248047152ea4175fd4f3a79d6570bdaaa9356d2379bd76d229bd7d0f4e67dbdabccd7c35fb44f8df5369bc59e35d37c2da75aebcd25ad978762371717d60bf7239e5980113b6327cb0700e33c668e76de916359854a93e5a7426f5b36d28af5f79a6d7a2773aff001c7c4ef00fc36d2e4d63c75e2cb1d3218e0966ff004a9c07748d0bb9441f33e154921413806b07c05fb37fc2af00cd69aa5be8b26abab5924ab0ebbaf4e6f2f40958b498964c950c49e060738e945ea3e897e3fe4429e775a2bdc853def76e6d3e9a2514fcfdef2f33225f8c7f12be24d84c3e07fc35956de7d260bbd2bc4be2956b5b39da574ca087fd7ee542ec72aa32a077cd7a888c0ee6972cdef2fbb41fd431b562d56c4cb5497b89415fab5f1495fb733b1e6537eceb378e3556d5fe3478ff0052f10431ead05fe9ba24321b5b2b178836d4d9110661b9b71f309c94538e2bd38003a50e9536f557f5d47fd8d974e7cf561ceee9fbedcacd6cd293696fd1229e8de1fd1bc3ba72693a06936b636b167cbb6b481638d7e8aa001576b4564ac8f4614e9d28f2c124bcb400303028a0b0a2800a2800a2800a2800a2800a28029ea3e1fd0f579567d5348b6b8755daad342ac40f4e45617c5bf8bde0cf82de1a8fc55e37b8bb5827bb4b4b4834fb096ea7b9b870ccb147144a59988463d300292693a8a9abb76393198cc160297b5c4ce308ded7934b5ecafd7c8d6ff842fc23ff0042d58ffe02aff857976bdfb41fc4bbcd6ee743f0b7c2bb9d316cf5682392fbc430cacb7564c1cc93c296eaec0fcaa155f693bf3daae33ab2578ddfde724b36c17338c232934d27684baf5bb4935dda763d40f833c223fe65ab1ffc055ff0af1db6b5f126baf05efc40fda0bc5c66b7b9ba716fe1bf0e4f636ef14a81511c794ccde5e09073d5bd853ff6a7f658a38faf36b970d25bfc4e0b6d9e927a3e9d7ba47b0b7843c2aa7fe45bb2c7afd913fc2bc5e3f851f052ee0861f15f8f3e23eb7e5e952e9f22ea7a86a7b678e4776667545505fe7203f50aaa074a4d637a45fdec9fade63249ac3c569d6a75e8b483d3cfa763d2bc65e20f825e00d36eb55f196a7e1ad321b3844970f7f3c1104524052dbba02c4004f722b91f0ef843f64ef0fdecb7ba57c2fb36bbfb0dbd8dcdd5cf85e79e6782054f263779236660a123233fdd07ad371c6f6fcffe0132a99ad44d45528e8acef296bd6eb963a2d6daebe47937ecb9e28f87fe151e28f1efc43f0acdaffc46f1778aa33e25b1f0de8325e45a3c4c196cac1640bb3ca8208f2ee0e0c8eec4e5857d2117c57f02c3188e06be4403015745b9000fa7975df8fc6e67984a3cdeec22ad18c53518af2577abddb7ab7b9c380c9f13807392af1729c937270bcdf93939b4fb46d14a2b448f9c3f657f87df1b34df1378cbe28eaff00ec46a3e35f1ade235d6bfa8c4a9a668d69fbab08e28a30c581ccaec32a77b39e98af7df087c4ef095868496d767504713cc4ab68d73900cae47fcb3f420fe35a6638cc7e35c2126d429ab4629592eefbb6deadb777e8924f2fc8a9e1273adf589b95493949fb9af451bf2dd463d126ad7673117c0ff008c5e2fb5b63e3ff89ba568dbf49b8b7d4f4ff066831c6a6e24693cb9e29e7df2214464c0e85909e8715de0f8b5e063c8bcbdff00c14dc7ff001baf33d856ebccfe6cee594e01c52a939cac9ad6a4f54ef7ba5249bd77b5d2d11cae87fb1d7c02d3e6fed1d73c1e75fbd934fb7b4b9bdf10dc35d3ce90ed285958ecddb9158b050491935d5ffc2dbf0401ff001fb7a3eba4dc7ff1ba5f579ff2fe05c329c960eea8c2f64aed26ecb6577ae868d9f81fc1ba7a94b1f0ae9d083d445648b9fc8567ff00c2d9f03ffd04ee7ff05771ff00c455a8565b27f89e84638687c292fb8d63e16f0d1ff980d9ff00e032ff0085648f8b3e06cf3aa5c0f73a65c0ff00d929f2577d1fe25de8f91bd1e9b610c6228ace2555185558c0007a561ffc2d4f031e7fb625ff00c009ff00f88a5ecab7f2b1f3d35d51bdf61b3ff9f58ffef81584bf153c0dd3fb6641eed6330ffd9297b2adfcafee0e787746efd86cfafd963ffbe05635a7c48f05dfdd2d9dbebc824704af9d13c60e064fccc00e9ef4a50a905769a40ea535d51b3f61b3ff009f58ff00ef915c06bdfb4cfc31d3b57b7f0e7876f6f3c49a8cfab369ad69e1ab36bbfb35ca856759dd3e480287524b918cfb1ac9d582766ce1a99b6594e6a12ad1e66f96c9a6efdacaeefe477ff61b3ce7ecb1ff00df22bcb6cb5afda8be22da5b5cdaf86f4bf025a5dd8dc89d353985f6a16d31de2060919f2b03e476058f75f7a5ed2fb27fd7a99acda15229d1a552574daf71c76e9eff002d9be97fc8ed3c2971a4e8fe146d4f509eded208ae6e9a5b899d63445fb4499258e001f5ae03c29fb32f837c61a0b4ff0018b55d43c642f6c859dfe9dad5c13a74be55c6ff00305a0c46aed246ae4e0f71d0915ad6954737a76ddf92f5338e23359d27ec6825a5d73cedab7aa6a3196cafaa6eef4f336355fda8be1caeb13f867c0e9a8f8af52b3d521b0d42d3c3762d702ce59379065938445508c58e78e075233e83a6691a568b64ba768fa6c16b6e83090dbc4114718e838ec2b2b547d7f03574337a927cd5a3157565186b6ea9b949a77efcaadf3d3ce6daf7f69af1f2db3be9da3f822c8dddd477f1ccdfda17cf06c0b04913291146e58bb10c1f1b547735e9db1718db4b93bb7fd7a02cb1c9a756bd495aff0069477e8d4146e974bea8f36f0efecc1e0188d9ea9f11b50d4bc6bac5b698d632eade26b9f37ed11b4ad236e8102c20966c709c2aa8ed5e94001c0a6a9d35d074b26cae934d524da564e5ef4ad7bdb9a577bf995ec34ad3b4bb64b2d36ca2b786340b1c50a055550300003a00001562acf46318c15a2ac84d801cd2d050514005140051400514005140051400514005140051400514008dc2939aa3e26d6a3f0ef87afb5c7b679fec76924c2de219798aa9211477662300772451751d599d5ab0a34dd49bb24aefe471da8de6b3e2ef8efa6693a7ae9d3687e17b09eeb56958abcf0ea92aa25b46a3398c8b792e19891cacc98af0cf88ff0019be3efecf0f603e1f7c0386f35af185b45aef8b2436f757489aadc798ab62648c1da3640b12b9f962118cf05739c539cb9dfc97ebea78d83a55f30c4c71d5ef18c6fece3aecd2f7e69a4d4f7497d98b6b76cfa7b47ff919757fadbffe8baf9bff0060dfdaa7e3f7ed01f143c61a2fc67f855ff08bc3a7693a54d625b49b983edb2c900f3995a53828ae0850392aca4e3a5744bf871f99ed457becfa968accb0af2efdb2fe2ffc4bf811fb3b6bbf147e10f81ffe123f1069d25a0b1d1becd2cdf68125d4513fc917ce708ec78e98c9e050077da193fdb1ac73ff002fb1ff00e93c55f161ff0082807ed69a2f8af5265fd9b2eae7486b68ef752d4adbc3f7a64d36616d0b3d9188e1a6955bf73b970acec18700d5cb68fa7eacce1a4a5ebfa23ee6a8ac2e1aeec61ba78d90cb12b9465c1524670476a83425a2800a2800af93ff00691ff82817c62f811f11fc53e10d3ff673bad634ff000d5dda7fc4cadc4ee2e6d2e6d8ba4ebb2323f7730d920cfca0a9ea71401f5857c39e23ff0082b0fc4bd1fc53796da27c025d6b47896e7ec97da5bcf2b4f22df496f044bb1082f2c518980e32ae0f4c6e00fb8ce3bd72ff0007bc737df13fe14787bc7faa68cfa6deeaba4c33dfe9ceac0da5c151e6c27700df248197900fcb40143c55f1f7e19785b558bc3e7597d4b53b91722d74cd1a06ba9a57823df227c8085603030c472c077ae56f3c2961fb33f8b0f8e3c3d318bc1fae6a705aea3e1f82c53669f7d777214ea09201bf6bc92012a92464ab0c0522b1739c656968bbff005fe47cd57c7e6b4311c988e5a54dbb29a5ce9b93b455f9a2e32bdaf7838b7a2912bf8a3f69ef8a3015f07783b4ff000169779a4092df55f12b7daf52b7ba32e3635946446008d49c994f2ebc706bd56eefecf4cb09b52d42e561b7b789a49e590e1511465989f4001355ecddace4ff002fc8eefecbab555abe22a4aeacd26a0b7bdfdc51927d3e2dbe6794ea9fb3678775ad5ac5fe2a78ab58f16b5eea104b3db6a973b2d525b7b498068a08f0a8198b391ce49f6156a5fdaa3f673d7b53d3ee745f8cda05da592c97d746def95fcab7fb0dc4fe6301d07951bbff00bab9e8456b0a74f925a5f6f3ea0f26cb39d735252bdbe2bcb54acbe26f547a3e8da0689a040f0689a3dada2cb2b4b2adb40a81dd8e598e07249ea4d667803e297c3cf8a367757bf0f7c5f65abc7617925a5f1b39771b7b88dda392271d55d5d194a9e41522a52491ea429d3a6bdc497a1bf803a015f227c4dff829378f7c05acde691a47c09bad6e6b7bdbfb66b7b08a72d04b16a9f64b78246d9b44b2dbc177758cf08b1633bb34cb3ea5f04a8ff84762ff00aeb31ffc8cf5f0ac3ff0552fda134bd36c349f04fecbb16b5737b6024b6823b99d00bc7bd9a1fb2338460ae02a31ce31e60247a6b5bf88cce97c08fd00ae6fe0e78f27f8a7f09bc35f12ee7459b4e93c41a15aea2da7dc21592dbce8964f2d8300432eec1079045646874945001450014500145001450014500145001450014500145001450015f36f8ebf689f8b9e0fff008288699f082ee6963f87971e10b0b8b875d219c7dbee26d4a103ce0091978ad063a0ce4e01cd007d2545001450079d7c754d0bc51ab784be136b125e03af788a3bad96806d78ec3178cb292788d9a38d0e3925c0e84d68f883fb65fe3b7861636b5fece5d07546956429e699f7da04299f9b1b4c99c71c8cf6acaa7bd38c7a6ff71e16674feb798e1f0b35786b392b68dc397955efa5a4d4ad677b16be2dfc61f87ff03bc1f278dfe24eba6cacd6558608e285e69eee773848218a305e5958f0154127e9cd720be1dd27e207ed7979acf882269ffe102f09597f615bcbcc70dd6a135d79f7217a17f2ada28d5baa86900fbc6bbe9d3a51a3ed6a5dddd925a5edbb6fa6fd8f56752a4aaba70e9ab6fcfc8e53c31fb707866cfc5af2fc59f82df10fc01a4eb371043a5f887c5fe1f1158bc98daab2c91bbfd98b1200f3428c9c122b7fe1e7ed07e07fda53c7be3afd9f358f871766db42824b6d466be29359ea311b99ed99548ffae59c1ee587f01269d6c2cd28ca165e4f5fc77fc05ecf1116e519ddf9ad3f0dbf13d8e3952550f1b0208c820f0457977ec7f7d7d1fc2293c137f7d35d1f08788f54f0f5bdddc485de6b7b3bb922b72cc79661088949ee549ac71147d854e5bdd349a7e4f634a357db42f6b3d9faa3baf1a7c42f01fc3bb18b53f1ff008cf4cd12da79bca82e355bf8edd249304ec0ce4027009c7a035e4bfb55785fc39e32f8f3f02bc3fe2cd06cf53b09bc63ab996cefed96589cae837e54956041c1e456b86a14ead2a9526dda093d3adda5fa99622bce9d5a708ad64dad7c93674fa2fed31fb3ab6b1aa29f8f3e11fde5ec7e50ff00848edfe6fdc4438f9f9e78fad7cc9f103c5bf07fe31fc14fda13c2ba7feca3a2786e6f02f82351367aea699115ba9bfe2630e626f2576b27d911f209c79a3d3276a14b0989af0a4b995da57d3abff82675aa6230d46755d9d937d7a2ff00807d69e36f8fff0009be1b78a6d7c21e39f15a6997379606eede6ba85c40e9b986df371b379d8ec13392a8c71815e6bfb41f899340bbd297fe145daf8ae497c3f0c692cb652cb26d7670e032290888aac5b3c933a638dd9f3dab3b1da9dd5cedacff006bbfd9b352ba8ed34cf8bfa45d3491bb86b698baa850a4e4818070c081dc723815f2fe85e3a4f02680345f0dfec031da084a88a5b9b39a52612e63064936ee2ffba74c67b21fbac290cfb03e1dfc64f86ff155af22f0278aed750934f6517b0c2e0bc3b8b052cbd573b4e33d867b8ae5ff00673b9d166f87977e338fe15da785efe4ba9d750b2b4b368b788f95e5802ff29033d32081d284aeec1d067c68fdab3c05f08fc451780ac3c37e20f17f8ae7804e9e15f07e946f2ee3849c09653958e0427a191973db35cafece5ade8bf0ff00f64f7fda8359d37ed5aaf8b34b6f16f896e7cc0b2dc3cebe6ac5bdba245132448bd02c63b935dd569e1f09374e69ca4b7d6c93edddfadd1cb4ea56c4454e2d28bdbabf5f2f43a1f83ffb5af80be24f8ad7e1c788fc13e24f0278a6488cb6be1df19e93f649af117abdbc8a5a29f03a8472c3a918e6b90f17f8eb43fdaf7f626bdf8f3e12d0e5d1754d36d750d63c2173a92a99f4dbfd3e598433023a2bb41c81c3472153906953585c44d534b91bd9deeafe7d7e77f904de228c5cafcc97959fcba1e9717ed3df02a2d4e4d0f52f8816ba75e25ccb10b5d4d5ade49364a623220703746581dae386e083c8af0af0b7c5dd37c5f1ff006cea5fb0f5e6aa750b487509f53b3b1091ec96592411e25199245085d8afcac5976f518e4945c24e2f75a1d29a94535d4f65f147ed21fb397887c1faddb8f8cfa52c10d94b1dedcd9dde64b505962f3170320abc8b861d0e0f635c67ecf8de10f8c4b7ba1f8bff006455f09c4962555751b05f2e681671b223f28c9e1188e99538c8e4cd935664d4a70ad4dc26ae9ab33b6f84bac7867e3d7c0193c2badf8ba1f10a4ba63e89e22d4b4d2d12de318024924673b82cb1bac8ac3aac8187515c4fed13aaf893f673d32483e1358699a5d978bac2d3c3ba1c7040a86d35d9a786d2d660a07ce05b333107802c947f153c3d39d4aca97dcfa596aefe8bef3c3a1899e575160f10db8ffcbb96aeeb44a126db6ea2ff00c996bba95bc9be24fc34ff00826d7c14f1a9f0641afeb16ba846b2c5e22d3fc330deea2f141269bfd9e16e4c114bb316c1631bc821493ef5ef6baffecf1fb10783b4bf025f34fa7c171617776d7bf6196e67be36ea8f7371712aa92f29f30392c727e6238538ebe7c1c138a5295fadd2fc2cff0033d6e5c4cda95d2f937f8dd16bf656f097ece1a4e81ae7c43fd9c35a8351b1f1a6b2daaeb37d6d786459ef4a2a3b9438f25c851b930bce491926b3bc45e0dd27e0afed27e1bf885e0e09a6e9df102f26d13c55a5dbc6160b9bd16d2dc5a5eed1c094791242cc3ef89973f7052746954a4e749bd3569ef6ee9adfcf61aab521350a896bb35dfb35d3f12cfc58f8eff1223f88cff063f671f86365e27f1259d9c779e20bed6751367a5e8d1499f25669511dde79002562452428dcc402b9e73e1df8a752f027c00f8aff0018f42b36bbf109f187896f1e35b36b879a7b5b892d6da1f2d0867fdd5bc081411c63a55cd52c2a8c7954a4d26dbbdb5d6c926be6d91075310e4f9b9526d2b6fa77bfe074dfb3a7c62f10788354d43e0c7c5cf008f0b78db41b75bbb9d3e1ba17369a8d9c8e425eda4e00f323df9465601e36c061f32938df10f58f1145f14fe00f8c352b4b7b5d7758d4ef34cd6e0b362d1f913e8b71753c4ac402d1adc5a40c09fee0f5a1c618aa33a915cb28eaedb3574baecf5409cb0f52306eea5a2ee9dafd3747ba0e9c522f415c2758b45001450014500145001450014500145001450014500145001450035a085df7b42a5bd4a8cd3a800a2800a2803cfbe2ba685a17c4af01f8fb56fb4acb16b33e8d049091e5afdb602079b9e76992189463f89d6ba0f8a7e15d67c63e00d5741f0d6b3fd9daa4d6a4e957e54116d74bf344e783c070b9ef8cd67522f492dd1e3e6d86aadd3c6518f354a4db4acaf28b569455da49bd1a77dd23cebe35eafe2cf81df156dff686d2bc357dad7862f7448f48f1c58e9168d3de5a2432c92dadfc71afcd2a47e7dc24aa32db5d5803b08af47f875e38d23e2178560f10e9178b2fef65b6badb1b2797730bb4534655c0652b2230c100e003debae86223ecf924b9a3bf669f93febd0eaa356863a0b11879a77babad568ecd35dd3d1add3ba3c76f7f6fcfd9c354b56d27f674d462f1e78bb500574ff0df862cdda679892435cb6c02da352c59de42368c9c135eed63a168fa6cf25ce9da55b5bc931ccd2416ea8d21f72073f8d69ed307177506fd65a7e093fc4db9311256734bd16bf8b7f91ca7ecfbf0db56f855f0a34ef0cf896fe1bbd6a596e350d7eeedd7093ea1753bdcdc32ff00b1e6cae17d1428af08fdbcff006f3f8d5fb2c6ad73a6782bf67e6bfd22deca077f17eab75e5d999a5240851460c8e31ca839ea71819af470793e679dcfda5249df4f8a2b6ecaf7b2f43871599e032a8f2556d5bc9bdfced6bfcceaff006ccf899e02f845f17fe087c40f89de2bb2d0f44b2f196a8b77aa6a32f970c2cfa15fa20663c0dcc401ea4d69fec3fe3ff1dfed27fb33e91f15fe3ae8da5cf7bae5edcdcd9da2582f9515b2c8d1c5856cf24296cf5f9aa2bd0964f5aae1312b99b493e57b6a9ef66551ab1cce9d3c4d17649bb5d6fa35dcf3cfdad3f6eefd8b7c63fb2dfc46f077827f68bf085feadabf82f52b5d3ec2cb524696ea792da4548d40e599998003d4d7bff807c05e086d3ef5cf83b4adcbaddeed6fecd8b23170f8fe1ac2955c1e12bc2a46326d59eebff9135a94b1389a33a729249dd6cffcce47e2dc1fb5038d3d3e056b5a4db5ab6890472c7a8a4459266122bcabbd1892b985803f29dac0839ae3ff006c48be09daf8fec750f893f16b5ef0d5eae868968349b0778d809a5646670a47de0cc5090088813d2bce6eeee77256454b2beff828cb6a86defaefc3f3c71c8c633606d02b8dd1b2aca1d0b2e198a36d39d8ae47cec84647c15f8abfb26fc31f1645e39d1be2ceb7230f0ecf1de2df68b3471dc6e95a569dcece24dd6f2285ea71d0e290ced7c1ebfb7b2f8ab4887c7cfe1b97484d4a38b563a6ac5ba7b73239790ee5ca8d8c176ae09f2d4f1b9abdead6ea0bdb58ef2d6659229503c7221c865232083dc11401f39f863e317863f636b39be04fed196f2697e0fb3b8953c15e319ecde5d366d399d9e2b2b99154886784379587c074456073915f426bb636b7fa3dd5adedbc7345240c1e39630ca78ee0f06bb1d7a559deb46efba766fd74699cca8ce92b52959766aebe5aa3e77f1d7c76f05fed77e19bbfd9d3f65b965d6b4ad7e06b1f15f8c74981a2d3746d365f96e3cb98a8596e5e32e88899c17ded80bcfbe780ac2cac3c15a55be9f6b14110d3a12238a208a098d79c0e2a9d6a386aafd8c5f327a36ef6f34924befb92a9d5af4ff792d1f44ad7f5d5fe87cede318be3e785eeee9bc19fb5ef82f42d27429a5b96d3efd2290da58c65e344911be6dab020e381e62b3727047a66b5fb15fecdfe20d5ef35dd57e1d412dd6a13096f65323666613f9f96f5fde73f4e3a57136dbbb3aec92b232fe1278b7e22f87fc7b247f177f684f0a6b5a5df69c4585ada79514df690cac24f95404430ff00093c939152dc7ec11fb2d4ba27f609f86b1ac1e498dcc77522bc8a48e1981cb74039edc520317f6df9bc53e21d03c330780bc2b36b0da26a11f8cfed168ec54a697341308936fcb23cc923a229ebd474aeebe1c5b69ba8fc4ff11ea1a06af21d3bc3d6565e1a834a581921b5961437121539c3e52e204c81f29888a28d451c4295aea3baef756f93b7e67cf57a71cdf34504ff00774357f0b5ed5ecbab4e0b5e97e65d991f8a7e1c7c10fdad3c1ba2f8cb50ba9b59d16f349b83a55d697ac4d0453dadec1e54bcc2ebbb7444af3cae4e306b99d6bf62f8b4dd6ef353f823f1c3c59f0fed353bb7b9d4745d0658a4b2695ce5de28a64610162493e5e064e719aeb74b0b3778d4b2ecd3fcd5eff81ec73e222ace17f46bf5b7ea687c58d5b4bf1bfed07f0f7e0d69ccf7379a0df49e2bd6cc7f30b3b58ada7b6b6f30ff000b4b3ce3683cb086523eed751f05be027823e06e997b078664bdbdd4756ba173ae6bbabdd1b8bdd4a6036879656e480385518551c0029fb5a34294a149b6e5a36f4d3b25e7dff0054ea55a8a552c92d52df5eed9e79e22bff88dfb2dfc4cf1178a340f855adf8c7c0fe2fbe1aadc5a786201717fa36a66348e72202419609846927cbf32c864c821863de0ae4e7350b129c146a454adb6e9af2bae9ea53a2f99ca12e5befdbee3c63e14db7c4af8dbf172dfe3afc44f87f77e15d0f40d2e7b3f05f87b594517ef35c14fb45fdc2292223e5c6b14699dc15e527ef803d9d571ce6954c43953f6708a8c7adbafab7ff0c38514a7cf2777f97a2140c0c515ce6c14500145001450014500145001450014500145001450014500145001450014500145000464628a00f32f146aedf04fe232f8b752bfb1b1f057880c56da82791b5adb5a96e02c7705946364cafb1d9beeb451ff0078d7a1eb5a2e95e20d326d235ab08ae6da74db2c33461d5875e878e0e0fd456728bbde3ff00f2b1180ad1acf1183972cdee9ddc24af7778a6ad2dd29ad7ba692b41e29f14e85e0cf0e5ef8b7c4faa4363a769d6cf3deddcee15228d06598935e1fe2ff0085ba0fc5ef0d47fb16fc79f17eb7a94f0c70eb16bab8dd11d734f82f0fee64917892445f29260704f9aae073c75605e0eae2147132718eeec937f2d6daf7e866b359d55ec610e5c45afc93693b5edcc9aba947d1f557b3678678cbc07f173fe0a35a2f8b3f6851e1f98785b48d1af2cfe0e7856ee4310d4af194c7fda9303c772501e381e873f74e8ba2e91a0e8f6ba1e89a6c369676702436b6b6f1848e28d4615540e0000018af6e39fcf0938c7034d53a69a76ddcadfcf2d1bf45644cb268e263278b9b9cdab5f651ff000ad97abbb303e077c3e83e13fc1cf0bfc33b7450341d0ad6c9b6f4678e25563f8b027f1aea8003815e2622bd5c4d7956a8ef2936dfab3d6a34a1429469c1594524be4617803fe41b7fff0061cbeffd287ac1d03e25782bc28fa968de22d7e3b4ba4d66f1da19a27c85699994f0bd0a9041f7aaa94ea4ace29bd174263529c6e9b4b566e78afe16fc3af1cdeaea3e31f05e9da94e9079292de5b2b911e49dbcf6c93c7b9f5aa7ff000bb7e177fd0e36dff7ee4ffe26b3f635bf95fdccbf6d4bf997de4b7bf067e146a4ccda87c3dd267dd746e584b64ac0ca7397208e4f27f33eb500f8e3f0a5a5300f1bdaef550cc811f20124038dbd0e0fe468f635bf95fdcc3db52fe65f79d459595a69b67169d616e90c1044b1c30c6b85445180a076000c5733ff000bb7e177fd0e36dff7ee4ffe268f635bf95fdcc3db52fe65f79d3de0dd692afac67f9572f27c6bf85ce853fe132b6e47fcf393ff0089a6a8d5bfc2fee6275695be25f79afe0562fe0ad218e79d320ebff5cd699f0fc48be06d1d658d958699002aca411fbb5e083d29e22cebcbd58e8ff0a3e86c51589a15b59d4ecf45d26e758d46e121b7b581e69e595c2aa22824924f00003ad70bfb429b2f11e8da57c1ebfd32f6e60f1b6a834dbc366e53c8b558de79dddb0405291797838dde681dea272715a6ef63cdcd31d3c1d151a493ab37cb04ef672b5f5693b24936ddada1a3f01f4cf14da7c32b0d47c7ba75a5b6bdaa99350d661b3895512799cbed3b7866552885bf88a66baf82348a31146a15546028ec29c23c8ac6b97e0e380c2c68a93935bc9eae4deadb7a6aff00e00fa2a8ed0a2800a2800a2800a2800a2800a2800a2800a2800a2800a2800a2800a2800a2800a2800a2800a2800a2800a2800a2800a280399f8a7f0e2cbe25787a2d224d62f74cbab4bc8aef4fd4f4e9764d6d346e1948ecca71865390c0906ba6a9946325667362f0786c752f675a37574d774d6cd35669aee99c77c27f893a878daca6d2bc63e1f1a1f88f4e9a48f53d19ee03e1564644b888f57824db957207707041aa5f177e1febb7137fc2d2f857a5e9ff00f09b69969e4584d7fb963bcb5332492d9c8c0f01c210ae41f2d9b701d73179c37d57e279ae798e589ba97ad4d754bf78b5db9524a492eaad2d36933beac0f87bf113c2df11f43935af0cea2b32db5f4d657b11043db5cc2e52489c10086561dc720823822b452525747a987c561b174f9e84d4926d68ef66b74fb35d56e8dfe9d28a66e54d775cd27c33a2ddf88f5ed422b4b1b0b67b8bcba9df6a431229677627a000124fb5667c51f00695f15be1ceb9f0cb5dbfb9b6b1d7f4c9ac2fa6b365594432a1490296040254919c1c668039397f68cf81da6f896fb56bdf8a3a3a5a8b08a3371f6b0503c575790c8091c0daf1480fa796e4f0a48f29f0c7fc1337e02785e0d4fe1be85e25f15c7a5dce9f0497693eb0279266962bfb698979119879915dde02010035cbb2e0aa6dd1ff00057abfd0cd7f15fa2fd4fa27c0be3df077c4cf0cc1e32f01788ed356d2ee5a4582fac650f1bb23b46e011e8cac0fb8ae77f675f805e09fd997e1558fc1ef87d757d2e97a7cd3cb0bea3389252d2cad2b64aaa8fbcc7a01ea79249ccd0ee68a0028a00463819ae67e2cf8d26f07783669f46bbb25d67507161e1c86fe42b1dc6a3282b046db413b4be0b103850c7a0a9949415d9cb8cc5d1c150752a3f44b793e918aeb27b25d4c6f035d8f1d7c5ed7bc79a678aa7b8d2b4584f8760d38465615bc4904b753039c4872628b38f94c320ee6ba5f87be167f06f83f4ff0fdc4e93dcc36ca750bc58950dd5c9199a760a00dd24859cfbb1a518bbf3bdff238b0185ad2acf1989fe249592d7dc86ea36bb5cd7f8a4b77a6c91b7803a0a2acf5c28a0028a0028a0028a0028a0028a0028a0028a0028a0028a0028a0028a0028a0028a0028a0028a002be31ff0082bcfc6ffdb0be0d787f419ff64c6d5c5cdcf87f5b96f7fb2b47fb59fb4442d7ecd91b1b072f2e077e7d2803eceacbf05789ac7c63e17b3f11e9a66315c46706e2dde27dcac55b28e011f329ea391cf7a00d4a2800a2800a2800a280118646296803cd3e295b6a7f097579fe3a7877ed9369367632c9e2cf0de9964257d407c805e46ab82d3c689cf52f1a6d03216bd25d379e40e951285ddd3b3feba1e662b2d5566eb5097b3ab669496ab5b7c51ba52dbaebd9a20d2f56b0d674e8355d367f36dee615961900237230c83cf4ebd0d79be8b01f80ff0010a3f0bd969b7927853c57a85ddeff0068cd79be3d1f5190a31b721bee4333191d4e4e256d8000cb429b4ed2d1914b319d2acb0f8c8f24db7cad5dc64975bdad16ff0095ebbd9c96a6d7c7af8b7a87c1bf065bf89345f02dd789750bed66d34cd3746b3ba8a07b89ee2408a3cc948450392493dab1bf69e6ce99e08e3fe6a7687ffa515d98485394e4e4ae945bb79af43bb1329c61151766da5f7fadce0f57fda5ff0069ff000cc9a9f8e358fd84b5f8ac6db4957b961e31d3098d20f3a476c0939f95ba0e78ae8fc5365f14c0f8dbab78c2ceead7c3b2786441e148a4bf8a68ae123b099ae2e5555b7c2cd249e598d8018b74704976036a55a8d4a91a6e92b37de5d7fede33a946ad38ca6aa3bdbb47a7fdba7abf83bc456de2ff000a697e2db289a38354d3a0bc8524fbca92a2b807df0d5e171d9fed3177e00f0b43f06758b7b2b193e1fe868b717c21312cc629d650bba4dcb210d6a41d98c26012490392b4142b4a2b64dfe67452939d28c9f548fa1abe6d33ff00c14960d3ec3524b8f0c4f3cd044350d31b4d811e06f357732ffa4e1be4c82379032482c405399a1f48b301c1af90b51f1d7fc144b50d5b51f85105c6876be27b8d1127d1d4bdaef86d8de5a24d772ec765590466e0229c2939c6e2b5129a8aeefb1c18bcc686125ecd5e751ed08d9c9abdaf6bab4537ac9d92ee7b97876487e327c547f1a46da46a7e16f0b3bc3e1d9e31be65d651e7b7bc97278511a1308c6412ee7b0af2bf0a687ff0502f0778474dd0fc3be1ff0009d8c56ba84d08d22dade0db15a8f39a272fe70c16611ee237312fcaf2c54516dde5bfe473e1b2fab3aeb158d6a5517c295f921beb14f5e669da52ddec925a1f4faf03a57cd1ae78d7fe0a25a5cde1c4b4f02699711dc6a7769ac044b67956212bb5b06db36c8f7c4aaace0900be78c60d9eb9f4c5793fecf17ffb544be21d7c7ed13a569f6d605206d08d93c24f98d24c254fddb93b428876ee009073d4b2a807ac51400514005140051400514005140051400514005140051400514005140051400514005140051400100f5145001803a0a2800a2800a2800a2800a2800a2800a28030fe21780bc37f12fc19a8f817c61666e34ed4edcc3728ae5580ea195872aeac032b0e43007b56d950dd6869495a5b18e230f431746546b414a32d1a6ae99e03f13b50f8bde23f86367676bf0e7fb5fc55e09f1fe9f772e8563a946b26a1a7c1724c5728d2b0c7990f27763e74900e95de78ead34ff04fc65f0dfc44b3d16692e3c40dff0008dea97103e15222b2dcdbc92281f36d951a35391b7ed2deb5542bcb0b536ba69ad6fd7a696f933c3fdee03110c2d79b74e72f724fe253d5f23f76dcb65eeb6eff0065eb6bf9af8ffe3b7ed3de2ff01eb7e12b4fd867c4d14baa691736914afe22d3f6ab4b132027f79d016afa16eafad2ca2f3af6e628909003cb205193c01c9ae98e269539a92a4aebce5fe67af3a52716a555d9ff0087fc8f0df157ec8dacfc47f0678720d43e22ea5a1df697e0ed3f4efb2d8cee228aeade372263b1d4332cac8c0f6f2860f26ba89be3dcff0011efcf863f67ed34eb8254bd82e3c5c133a569573147f2abb120cec64641b63c82371dc369ae39d78d4a8e5bb6dbd3f139239be5cad4e84bda3574943def856a9b5eea7fe26b567927c48f815e38f06df58d847f1bfc41ab6ab7fa82c56fa3e89e6fdaa4864c219a5669cf9712ec7669080b9924006e29b7debe18fc1cd27c0b7971e32d62e9756f16eab656f06bfe259a0092de7949b55554711440e5846b85c9279249a8fde4bc97deff00c849e6d8c7d28c347d2537dd356708f6ba73f91e3de10fd867e2368de096d3f5efda4356d47c472df24f79e23db24735d47ba36303b2c81bcb044bb154a85f309c64b67e93550a302aa308c16875e130386c141aa4b57bb6dca4faeb26db7bf57a743e675fd85be296a3a45b43acfed31ab7da63d516e6e05b79eb0c91a09b6c78f3b77cccf13b738cc640001007d3354761e09e1afd907e23f873c4fa4f8847ed19acdd2da2b1d42d6e55d92e5c94c63327dd555daa1b76060f2724fbdd007cafa2fec29f1ea4f061f0af88bf6aed56596dee3305f8133bdc6c8d5639a4cca36b823955e38cfde39afaa280303e18784757f02f81ecbc2daef8925d5eead4cbe6ea3303be6dd2b38cee249203019cf6edd2b7e800a2800a2800a2800a2800a2800a2800a2800a2800a2800a2800a2800a2800a2800a2800a2800a2800a2800a2800a2800a2800a2800a2800a2800a28039df89de025f891e1497c2dff000936aba33493452a6a5a2dc88ae2268e4571b58823076e08c720915d152715256673e2b0b43194bd9568de3beed6daf4d4f3a4fd99be1dea1ab4fac78c2eb57f104926b11ea50c3acea724b0dacf183b3ca8c10aaa339c63a807b57a280074a9f670bdec737f64658e6e72a316db52d55f55b3d6faae857d3748d3347b24d3b49b086d6de3188e0b78c2228f60381562af63be308c2368ab20000181450505140051400514005140051400514005140191e39d6757d0bc38f7ba0c36cf7b25d5b5bdb0bb2de5079a78e10cdb79c0df9c0eb8a8be21ff00c802dffec3ba5ffe97c1401cd4fe28f8b36d73716773e2af87f1cb6b8fb4c724d70ad1676e3702ff002e77a75fefafa8af29f8ebfb09c5f18bc59e2bbcb9f8be9a55978a67924be812c5249e10574975d9e636d1b64d2616c95e92b74383401e9b27c42f8851462697e207c3654218866bd980203ec273e67673b4fbf1d6be5db0ff00822d6873784a3f096a7fb44ea970be65bdc3dc258a897ce81a7c0462e4ac520b976923e85d508c0502803ea6baf1b7c4db2778ef7c6df0ea168e3679165ba9d4aaabf96cc72fc00e0a13d9863ad7cdd27fc12e5ad755b5b9d73f69a4bd9d3598efecd752d0e1dd35e16bbb89a070ae37c1249757b3f978cee58d893e57201f48dc78dbe26d9cf25b5df8d7e1d4524327972c725cceac8fb37ed20bf0767cd8f4e7a57cd9e37ff824b7c2af1feb3ac1b2fda0f558efaf63b7b5d53f7b1cb2c16b1c5a59b60a370f2e6dfa782653f33a5eccbd0ae003e9987c4df172e26b2b7b7f147801e4d4a23269e892dc1374806e2d18dff38039c8cf15e1baaffc132f49d7f49f02f8613e315c4107816368d2e2d2d88bbbb4f360742f27999467106d94aed122bb001413401ef5777ff1c6c24822bed5bc0f0b5ccbe55b2ca2e54cb26d2db1416f99b0ac7039c027b57887c49ff827478dbe2a7c03d2fe0cf893f69bd5a1bdd0f53d4aff0048f1258e9ca97304f761d77025c95f2e39eea35d854aacaa011b7900f6cd4b57f8d5a3aa36adadf81ad84ac562f3fed29bc852c40cb72428278ec09af0ad57fe09b9e36d4fc093785e5fda5b5393528b5dfb7689ae5c58b3c9a743fd9ed62d6ea864db22bc4db1cb8248c30c380c003dd27d6fe33dab5925ceb9e068cea32f95601fed40dc3f96d26d4cb7cc7623b6076527b57cc8dff048af12dc6956763a87ed81e2e9ee2c356fed1b0d4242e66b1b8f2eed3cc80997e466176371e73f66840c00c0807d4a07ed027a4fe0effbf377ff00c5573ffb2b7ece779fb38786357f0f5f78daeb5e7d53554bb1757934aef12adac10088798edf28f24b0c63ef9a00ebfc1baa78ee5d6aff0042f1ca69264b7b5b79ede4d244a14ac8d3290c242791e50391eb56ecbfe4a06a7ff606b1ff00d1b77401b14500145007ffd9, 'form-medicina2.jpg');
INSERT INTO `preguntas` (`id`, `id_cuestionario`, `texto_pregunta`, `orden_pregunta`, `peso_pregunta`, `imagen_pregunta`, `nombre_imagen_pregunta`) VALUES
(13, 2, 'El familiograma es un instrumento de evaluación familiar que se utiliza en la medicina familiar para representar en forma esquemática la familia proveyendo información sobre sus integrantes, relaciones y estructura. Posterior al análisis del siguiente familiograma, responda las siguientes preguntas: Señale los errores que usted observa en la diagramación del familiograma', 10, 17.67, 0xffd8ffe000104a46494600010101006000600000ffe100664578696600004d4d002a000000080004011a0005000000010000003e011b0005000000010000004601280003000000010002000001310002000000100000004e00000000000000600000000100000060000000015061696e742e4e455420352e312e3800ffdb0043000201010101010201010102020202020403020202020504040304060506060605060606070908060709070606080b08090a0a0a0a0a06080b0c0b0a0c090a0a0affdb004301020202020202050303050a0706070a0a0a0a0a0a0a0a0a0a0a0a0a0a0a0a0a0a0a0a0a0a0a0a0a0a0a0a0a0a0a0a0a0a0a0a0a0a0a0a0a0a0a0a0a0a0a0a0a0affc000110800a7010b03011200021101031101ffc4001f0000010501010101010100000000000000000102030405060708090a0bffc400b5100002010303020403050504040000017d01020300041105122131410613516107227114328191a1082342b1c11552d1f02433627282090a161718191a25262728292a3435363738393a434445464748494a535455565758595a636465666768696a737475767778797a838485868788898a92939495969798999aa2a3a4a5a6a7a8a9aab2b3b4b5b6b7b8b9bac2c3c4c5c6c7c8c9cad2d3d4d5d6d7d8d9dae1e2e3e4e5e6e7e8e9eaf1f2f3f4f5f6f7f8f9faffc4001f0100030101010101010101010000000000000102030405060708090a0bffc400b51100020102040403040705040400010277000102031104052131061241510761711322328108144291a1b1c109233352f0156272d10a162434e125f11718191a262728292a35363738393a434445464748494a535455565758595a636465666768696a737475767778797a82838485868788898a92939495969798999aa2a3a4a5a6a7a8a9aab2b3b4b5b6b7b8b9bac2c3c4c5c6c7c8c9cad2d3d4d5d6d7d8d9dae2e3e4e5e6e7e8e9eaf2f3f4f5f6f7f8f9faffda000c03010002110311003f00fdedd535db7d38041f348df7507535ccdbdcbdfcb2dfc8d92f232a67b2a9c63f304d525725b3426d77549db779a231d953923f1aa8064e29d90aecb0355d4c1c8bd7fc715e55fb3ffc64d5fe29f8b7e20e87a9f8c7c1daa47e16f15b69b6907859aeccf65185cf957be7a2af9f9cff00aaca75e78a6e3615cf5eb4f13dcc040be40c9ddd7b7d456752b21f333acb6b98aea212c2e0823b57c31ff0551d6bf682d5342f863f037e02fc74d77e1a6a5e35f8b565a347e29d06e4ac82096c6ea5dacaa4128248802b9048e41cd4b562d3b9f75d7c23f073f65ff1043e1a3e1afdab3f6c9f8e7e15f1ce976b753eaf0e91f17f50974bbab6b765537d6f3cb6ea1627de8c23625d0b6d24919a43b23eeeafcb4f84da3feda3f08bf6fcf801e32f13fed5be36baf871f153c51aed8693f0f758f1bcdad89f4fb6d1ee6e21bdbbb991514cb23a248b0c68046300b33670033f52e8a0414500145001450015535dd7748f0ce8d73e20d7af92dacace1696e6e24ce1100c93c73f80a00b75c9cbf1d3e125a4d1daeabe39b3d3e592de49d61d5035a388e360acc5660a54658750339e33401d65736ff18be13c722c527c4ad0959dd51036ab10dcccbb940f9b9caf3f4a00e92be30fdac7f6a8fdab7e317c64d63f660ff827dbe9b1bf83bc39a76bdf10bc5cf7117daa4b4bd95961b2d20cb14d07dacc51cb31926468c008a0166c8571d8fb3ebe0af893f0d7e20f83bc1f1eb9fb25ff00c1413e2feb5f12e7d422b4d3b48f1f788e07d2e6b8332c4e6fadee74fdb142acc72b12c4ce46c8cee20530b1f7ad785fec2dfb5078dff682f0c78afc0df1a3c3761a4fc46f865e287f0df8eedb47776b0b8ba58a39a2bbb42ff388268658e4556f997254f2b408f74a2800a2800a2800af95bfe0b23f10be237c36fd8b5b58f85bf10b59f0bea97ff107c2fa53eb3e1fbd36f7715b5deb16b6f388e41ca968e4619f7a4dd8695d9f54d7c8de25fd90be12784356bbd13c4bff00050ffda0ad2eac34d3a85f42df15ee8fd9adb9c48e44442038380482d8380698591f5cd7e7cfc7ff0087fa9fc01bef833f153e07fedaff001af5eb7d7be38e8be1fd5ec3c4fe3db8bab5b8b692774b8b796de58d48394da4300451b0591fa0d45020a2800a2800a2800a2800a2800a2800af963f6ebfda4ff69f87e23e9dfb1efec29a5686ff0012754f09de789755d6bc49215b6d234a864585446363abdd4f3318e2dead1a6c66704000807d4f5f0add7c16f1e9f85dff00099f827f6f5f8f2ff1564db6967e1ed67c556515b4bae9b6fb40d3e4826d345984c672cb101b4641c9140ec7dd55f37fec1ffb487ed0be37f1178bff0065ff00db1fc37a259fc51f8756fa6dcea5ab7862463a6ebd617b133417b02b80d1912453c2e84637c25970ac0500d58fa428a0479f58ccda66ad3f87ef4ed7691a5b427fe5a29e580f7073c7a1f635d4789fc1fa7788adcc77117cd9caba9c329ec411c83ee29a7625a322a8cde1ff001ee8c4a5a5d41a84407c8b7685241ff035e0fe2b9f7aaba159981f0d3e1aebbe01d67c4daaeb1f14f5af1147e20d69afed2cf5586dd23d250ae3ecf018635664e9cb966e073d73b518f887337963c3b6117a3b5e3b81f80419fce9f3262b334679e1b685ee2e25548e352ceec70140ea4d45a77c3ed5b539d2ebc55a97da0236e4b68d3642a7fddc92df5627f0a5743b33e45ff8296f827f6a8d4fc3df0f7e38fecd1f066fbe246b9e11f8b765afd8784e078edc476b0d85c400bbbbae54c927987186c36d03bd7d8df11fe1668df12fc112781354bdb8b5b59ae6de595ed080ec229925d9c8230db369f626a1ea5ad0f87fc23fb5a78b3c0be1bd3fc1ff00b6bfec39f1cbc6fe38f88fa98b56b893c15a2c76534d1efb88ac2ce15d51c416f000ec8d2306620bb31735e8be3a7f80de0ff146b5f0a9be39fc41d16de0d457491a3896592d6da3164642e84c833060b00fc7ef54afcc06290cf9e7e047813f6f6f16fedc9f017c2be2bfd95bc65a7fc25f851e27d7753d23c6be2dd374ed3efaced2f34aba823b0b982ceea68e5f2e49111274da5971bd720b1fbd7e06fc2bb3d364d3fe24787be2f78ab58d32ef4e26ded7599e5db70b265848565e40e7728da319eb8c0a607abd2274fc6810b5cdfc60f13f8b3c17f0c35cf157813c38357d66c74e925d334c31bb0b8980f95088c16233d76f3401d25791fc38f8bff1ae6f1d5c7873e2bf80a1b7d343dec36baa693a35e006486f12de2660c5fe4991fcc1d02aa9259872003d72be59f8cff12ff6c6f04f85355b9d1aef51d42eedfc71a9db587f64785195ee2d7ec0b258a2816f720422e095791b05f180ea78a00fa6f5cd0f49f12e8f73e1fd7ac12eacef2168ae6de41f2c88460835f287fc2e4fdb1fccd76db5c9756b3be96ca3797ec5e11b892d7c38c1ed11c20fb03b5e3387b86578e4982ed24a607001efb77fb30fc0cd4756b7d7756f0225ededaffa9bbbfbfb89e40739c96924258e7b9c9e00e8055cf803e22f16f8afe12691ae78e2c2fedf539925138d4e30934a1657549597c984aef50ae14c68c0300541cd00675e7ecabfb3edff00d9d6fbe1a59cc96aeed6b14b3ccc9097e5f6297daa18f2c00018f27279af417e9f8d007c77fb5e7ec7ff00b54f83fe2dea1fb4f7fc13e3c6767a5eb3e26d034ed07e20f86ee16113de58594a5a0b8d365b80d0437ab1bc90fefd4c6c8c3956406bb9fdaa3e237c04f18ea96ff0fbe21f89fc47a5dee87ab4c912693679334b25a326f070432aacace3be63f52b9067cfbf10be2bfc55fda22c2ffe0c7ec91fb13fc4ff0005fc51f03dce9f0dc6bbe2cbad260d22c2612adf46b7ae2f26fb6c523132398a37909762195abd193e20fc27bab68aef4dfdab3e2440b3dbcf72be6d8dc44be439923242cd8e54a9c63a00b8db9c9407adfec3ff00b2c7893f66cf07788fc43f153c656de23f889f113c492788fe206b7636e61b492f9e348960b68d8964b78628e38a30c4b109b9b9635b3fb327c62f873e3bf0adb7813c1be38d675fbad0b49b7375a8ebd652c573728e08591cc806f6e3048cf23d69833d528a0414500145007cbbff00057ff851f153e317ec6cde1af837f0ef51f156b563e3df0ceae344d24c42e27b7b3d5edae67f2fcd7442c23898805864f7af5dfda6343f0aeb7f0e36f8dbc49aae9da6c1a95bbb7f636d134d399025bae58600133c6fce172837103349ab8d3b33e64f8c5fb627c3af0e6b907c58f8bfff0004c6f8ff006b73a8de5ae9115e4ba3e93225c5ccdbadade331c7aa3024f9cc8199768ddf3118047573dd7c14d535eb349bf6b4f17c1ad3433bcd69f6992e1e4632fef4ff00a3b322ed2a0ed46daa114e3190588f2ef8bd27c49f8d07e0dfc1ff00835ff04f0f8bbe0bd2bc31f1ab47f126afa9f8a2d74b4b4b7b68a777b899de2d426919b2fbb853fa015ebd63a67c29d47c49a4e85a7fed6de3a82fb53bf482c85d4f287ba9a48f2172c032755750709bb69008c8a433ea8a6c436ae339c7734c43aaa6bd7b79a6e877ba8e9f646e6e2ded24920b7504995d54954e39e48038f5a00b75f3f7c35fda2bf699bdf1169a3e2b7c1886c7479d2d8ea33e99a35fb4b6c26d305e310086dde54b9b661b72cffdd3f25007d035f3dfc60f1dfed33e1af1578da5d0751be9741b58741b9d10e9de17632c504b3cab7b144c229ccb304542599195370ca2f5a00fa12be44b5f8cdfb6948da7c97763aba6a379e18253488fc332f956b2fd9ae645bdb897ec25643b9605302491b866c7967ee900faeebc8bf63bf1cfc69f1f782f59d57e3068f7d6d1c5ae18bc3b3eab6be4dddd5a08222cf2a79306089cccaa7ca5caaa9e7a900f5da1ba1fa5007cbffb76feca7fb4878bbc69a6fed51fb0cf8ff49f0f7c54d1bc3379e1eb9875db6125a6b1a55c3ac9e5e58158ae21957cd85d95937332b82adc76ff00b457853c2ba06b8df133c49e3fd53465d4ad574f4bbb5d2a3b96b295229d90c12302d6ef26e2bf2fdf7f2d410cc320ee7cc9ab7ed07f147c47e168ff00633f047ec65f1a74cf8c3e1fd2975bb6f10cd7fa1c76d06a1299221ac4f742ecc138799a56643136413fba036d7a2d96bffb3dba43a2eadfb60f8f4dda482069e5bfba8d9640f111132a1eaaaac09e46d958924e084076bfb087ecb5f1c3e146a3e2afda13f6b8f885a6788fe2c7c438b4f8fc42da05b18b4cd22d2ce26482c6d037ccc81a49a6776c6e9277c00a00a3e0df87fe1f78c7c6aa3c31fb5378d75dbeb6946a09677d7371123ae6090e5582a38f2d906d031b27071939a623e8aa44fba280168a000807a81450026c4fee8fca96800a2800c0f4145007817eda3fb377c66f8b1acf803e217ecedae786ec759f0678b1b54d4f48f1235c4365e20b76b792136d7125b2b31505c4803238254703ad7bed007ced06a1ff000552b6852dadbe1d7ecfd1c71a058e34f12eb415540c0000b3e00f4afa26819f197c09fdab3fe0a5df1efc59f10bc23e1bf849f03ece7f875e2f6f0fea725e789f57db733ac31cde645b6d49d98900f9b0720d6eff00c136bfe4b57ed427feab9cff00fa416b4901d57f6c7fc1567fe841f801ff00853eb5ff00c875f435303e79fed8ff0082acff00d083f003ff000a7d6bff0090ebe86a00f8cae7f6acff0082975afed6165fb233fc26f81e75bbef01dcf8aa3d48789f57fb32db417705ab447fd1777985a75238c601e735bdab0cff00c16d3413e9fb366abffa7cd3e9750e8753fdb1ff000559ff00a107e007fe14fad7ff0021d7d0d4c0f9e7fb63fe0ab3ff00420fc00ffc29f5affe43af79d7bc47e1ef0ae9ff00dade28d7acb4db412a466e6fee9218f7bb0545dce40cb310a07524802803e41fda17f6a8ff008297fece8fe088fc53f097e07de9f1cf8fb4ff000a69ff0061f13eaffb8b9bb2e1259375a8fddaec39c64f3c0accff00829f78ebe2a5efc7efd9f3e1fa7c18960f085afc7ff0bdccbe38bbd6a0097574cd385b582d50b4adb464bc926c51f285dd938407a4de59ff00c14d2e75883c4d7df097f67492fece365b7bf975fd60cb0a9fbc15cd9e5411d706bd27c07fb3b6afa17893c61aefc4df8ebe2df1e5a78b95e03e1cf11b5aae97a65a12f8b7b7b7b786303e572acee5ddc0193c5303ccbf6765f891f0557e2ffed35fb5d7c62f0addd86a9a8da5c1d1bc177f7ba9e9de1ab7b5b4485e38c48bbc3c8dfbc68d231cb67e62735ed3f053f67df81bfb377843fe100f801f08fc3be0cd14ce667d33c35a4c5670bca40064658d4067200058e49c0e6811cf5a7ed31a1f8a3e02c7f1f7e097c22f18f8d2d6ee50961a0e9fa17f65ea7743cdf2cb887556b4d88396cb95ca8caeec8cfa8d0079978bfe317c72d3fe0ae97f11bc07fb29eb3ac7896fe4885df80efbc4ba758dd69e8c1b734b70657b762b85c8476ceee09c1af4da00f33f8abf14ff00687f09780f40f117c32fd9724f16eb5a8327f6e787bfe133b3b06d2418f731f3a5052721fe4c2e33d7a57a650079e7c52f8c3f137e1f5df8760f0d7eccde28f1847abb05d5e7f0f6a5a6a8d149283328bab984cabf331cc5b8e10f1c807d0e803cdfe297ed11f0c7c05f11345f82de3bf09f8a6ee7f15058ad6e6c7c0f7fa86999762823b8b98217860c9ebe69550392715e91401f337ed8ff000e3c23f17b44b6f815fb34fc5df00f84be2b681afe91ae59e8f2ea296b73716b6d72b3b5a4d1da917096f3a2b2310aca558e548c8af7dd5be197c37d7fc5da77c40d73c01a2de6bda3effec9d6aeb4b8a4bbb2debb5bca9594bc795241da46471401f3edb785ff00e0a3b6535bdc597c0bfd9aa192cdf7da3c5ab6aaa616f5422cbe53ee2bd7bc35f012dfc11f16b5ff008c5e1df897e33b9975db2649bc29ac78aa7bad163b8ca913c304bbcdb36142911154da4fc84f340cf9d7c1bfb537fc14bfc69fb4878d7f667d3fe137c0e8b56f0468da5ea5a85f4be27d5fecf3c77c2531ac78b5dd95f29b76401c8c5647ec5ff117e204ff00f0526fda0358fda4bc1fa3781b5c5f0d78434f36b6fe248eeeceece2ec432dbcccb1b112e7e58dd16404118e84a03d6ffb63fe0ab3ff00420fc00ffc29f5affe43afa1a981f3cff6c7fc1567fe841f801ff853eb5ffc875f435007c67f14ff006aaff8297fc28f8dbf0dbe066b3f097e07dcea1f132ef52834abbb6f13eafe4da9b2b6171219736a0e194e06d079eb5d07ed97ff002911fd9347fd45fc5bff00a694a4074dfdb1ff000559ff00a107e007fe14fad7ff0021d7d0d4c0f9e7fb63fe0ab3ff00420fc00ffc29f5affe43afa1a803e34fdaabf6a9ff008297fec9bf04f51f8e1e33f84bf03f51d3f4ebdb2b692d34df13eafe6bb5cdd456c846fb50301a504f3d01ae83fe0b4a33ff0004faf132faf88bc3c3ff002b16749ec0b73725beff0082a4eb1648b7df0cff0067b9a27d9288e7f11eb2c0302194e0d9e3208041ec457d13a6ff00c83adffeb827f214c47cd3fb3c7ecb1fb4443fb4d7887f683fda57fe15fdae9d7fe16b5d2b4bf04f829aeae6c63b98ae1e66d41bed51c6ab330709954248032ddabe9ca00a361e19f0e6977afa9699e1fb2b6b996258e4b882d511d9146154b019200e83a0abd400514005140051400514018b67f11fc01a8ea6fa2d8f8d34c96ee3ba9ad9ed92f50b89a208658f19cee5122123a80c3d6b86befd8cbe005fccf2c9e16ba41386fb54716ab3aadc3b387791c6fe64660a59c619b68049031401e887c53e180aae7c476015a31229fb6260a1380c39e99e33eb5e417dfb037c10d4b5f7d4efa4d5dac9ed9d1b4c4d45d11a47f2f7cace0ef2488906dc851827193401eb765e33f08ea5aadce85a7f89f4f9ef6cee041776915da34914a50384650721b610d8eb820d79ff00867f634f80fe10f12da78b342d06fe3bcb1be8eeed8beaf3b2aca888884a96c3616351ce73ce7393401e5bf1c7f6b0f8c1e3bf8f9e26fd997f666f11786fc2563f0ff49b7bcf8adf15fc5d6bf69b6f0f9b98fcc82d2d2dfcc8d27ba3162576958451a3a6431602b13e2f7c1af8c7fb357ed23f10be3efc3cf8537ff11fe1c7c5fb1b36f88be18d085ac9ace8ba85adbadb2dfda5bddfeeafa29204891edf21c18f7287dc5681981f0e3f650f8f9fb3b5deb1f127f664ff008288e97e28f127c47d66e35a9bc3bf10bc31a7ff0066789f51585448227b110cf6e3646bcc66408064a9e73ce0fda7ff006748bc53a4c3f01ff663f8e5e22f89fe1db59afb45d37c67a36a1e18b48958ca85af2e353f22da2b45699c1f255c0c00aa7005007d57fb1c7ed4365fb56fc2593c6775e149bc3be22d1358bad0fc69e18b9984afa46ad6cfb2783cc1c489f75d1c7de4753819c57e5e7ecfdfb497c2af0149ae78c3e1dfed49e34d13f6afd6bc67a85f78dbe1f7873c3377e29d0bc4575249bfec91d958b4b6f2db246238d6fa19a395002ce472815c2c7e877edd7fb61fc56f821a9787fe02fecabf0a6d3c71f17bc69637d7be1ed1353bbfb3d8da58d9a86b8bcb9932a7682c91a2065df248abb946587c11f19bf6f7fdb67c67fb7afc29bdd13f6294f863f1bf4cf86fabdbc5a07c45f18dac7a5f89eceebcb636f68ea466559e28e445322b92ad1384cef05c123dc2e3e16fc5108dff000509d63fe0a2daa5b7c4fd2bc19269371e1a3e0df0f0b7b449596f1b476b53360399201866bb0df21fde019ab1abfc7bb3f10fc1bf137c31f11fc25fda29be2c78c7498ed7c42d17c06b83673ea290b46aeac13fb3d610ed9de2ec1215732f02803de7f614fdb17e2f7c67d5f5af807fb59fc28b3f04fc5af0b68f63ab6a5a569577f68b1d474dbc0de45ddbb866da4323472c5b9b648b80cc0835e4ff00093f677fdae6ff00c17e3ffdab3f6a7f8a1e17f849f167c75e02d37c15e123657cb2da785e18d984534923b9596ee7b89b7f96aee118a22b48724b06731ff051df117c5ef8d1f04fc1be3af887f0813e1deab6bfb49697a0780aef5586db54bb8f4d9ae0dbff0069c965731c96b1cee559e20eb214508e0ab1e3d33fe0ab5e17f1d697fb2cfc2f9ed7c3fe24f195d7847e2d784f51f1049e1ed0a7d46f66b7b5949b8bafb3db2348fd0b10aa7ad20463fc65fd87f5ef883afe8de1ef8c7ff056ff001bcba9782b58b6f15e956577a3f8660974fb9b60e61bb655b15255417387ca1ee0e2b33e387edf5fb03789bc4769af7c58f07fc79d1e6d70ae89a7c2ff00027c4364351b9946228558e9c1ee65f972913338c8242530d4abf187c5ff00b447ecb3f123e0478f21ff008291788bc7de0bf1d7c518f44f11c3ae687a04562f61f62bc9e4713da59c6e855adc02438c735c9fc71f1f7c37fda9fe247ecfbf063e0efc14f8cd7763a57c6d6d73c61a878c3e12eb9a44096b3595facf3cb7373690c4b996e146148c6ee06052607e87e8fe3ff0378864961d0bc61a6ddbc1e5f9cb6f7a8e537c4b326707bc6cae3d5581e95e711fec2ffb36c2f1c91f836e7746182b36ad70c70542819673f75400b8e81401c0c5311e9a9e2ff0a4b70d691f896c1a44489dd05da642c8488cf5fe2da71eb8e2b81b7fd8ff00e0645e20b9f145c68179737b776ef0cd25d6a733aed68a48ce1776d53b657c1006d2723040a00f41b4f13f86efd636b2d7ece5f3595630972a4b161950067a91c81debcff4cfd907e07e9171693d8e857abf61b8f3ad91b549982b12a4f56c904aa9e4f6e30322803d3a8a00cff1178abc35e10b486ffc53af5a69d05c5e436904d7b70b1ac93cae1238c16232ccc4281d4920567fc4af863e0ef8b7e196f0878e74e7b9b169d26f2e2b8789964439560c841041e4107a814016f4af1cf82f5cb2fed2d1fc59a6dd5b96602682f51972b218db907b3a95ff007811d6bcce7fd84bf66d9eee3bc3e11bc530dbf91044babcfe5c71ef572a10be3059076f5f53401ea0de2ff09a5f1d31fc4fa78b9542ed01bc40e17715ce339c6411f515e7d07ec6df016d8dc793e1bbb5170260c06a73613cd52ac506ef90804e08c60927ad0070ff00b41fed4bf15f55f8f9a4fec6ff00b1fd8e8177e37bef0faf883c51e26f116f974ef0be8af2b4315c9862656bbb89645758a10e8a7cb66660a30787f8adfb23f8eff663f8f36dfb517ecabf0c2e3c69a3ea7e085f087c47f00c7aefd9f51b8d363b99aea0bcd3a799d55ae637b89d4c4f2461d241b5d590020cf39f883ff04f41f103c45e24f17789bfe0a35a178c7c4ff1092df4ad6b45f18f833489747d5e6d399d21b6486d8c5716cf0c9215124338991981dc580a3c35fb4b7ec677be27ff008533f07ff65bfda0757f1cf877525d5e6f00cde05bfb49ed6499d5e14babdbedb0436ad240aca4dc18d8a1237e280d4f50fd817f6d3f8dff0014fe3278b7f641f8c1fb2d3f85afbe1659dae9daa788745d7deff4e372225645dd73b67f2e685a396173e61602459183a1cd7f863fb09fc6cf1f7c31f8bfe3df8f1f142ffc05f12fe346b167aa197c09aa339f0647631aa69f6b14ebb45e18f66f98902395a49171b314019fff00056bf88bfb6a697e30f82df04ff620f8d16de0af12f8fbc4fa9dacf797ba7dbcd15d25b69b2dd2c0cd3413795b9a3c6f5438241208e2bcf3fe0a39fb45789e29ff00673fdaeff65ff867affc6f87c0fe33d720d453c1fa35cc9bef174db8b0769d6189dedd16e721fe42460850c7194f7044ba27eccff143e2d5bf85fe3dfed1ff00f050ff0089fe0af881f0de3b99c787f5bd37c26d73e1f96ed1ade463f67b431c914eb13794f20f9930d8439023f821fb50fc0dd17c19aaeb5f1b7e1c7c73b9f1c78c6d3678ca6f0d7ecfde348f4c7cdc3ce218a29eda46da37f94ce194c8838099c06052fd90be2a7fc147b41fdbd7e1df867f686f8f7ac6a7f0dfe24685afddf86fc2de23b0d19b53682ce08de1bcb99b4db68e38da42e19618ddc05237313c0cbfd967e3ff00ed2dfb517fc14a7e16cdf137f675f14d8693f0f340f13db45f109be1ceada0697aa5b5cc110b70d6da8428f6938d9b1a3dce848ca310701751db43eb1ff82a67c61f89df013f610f1efc55f837e2c7d0bc4ba65ada0d2f578ed629dad5a5bc821670932b231db2370ca45657fc160bc27e2df1bffc13a7e23f873c0de12d535dd525b5b292df4ad16c24babab811dfdbc8c238a305dc855638504f14312dce07e34fec05f10be36780ec7e11fc7dff0082a9f8fee6c3c4d2c1716da2dde83e1ab67bc9ad992ec797b2c55dbcb3107214f45e78cd67f8d7f6b6fd89be26ebda478cbc6df02bf68d3abe9567e42c969f03fc611c6c8d6d2dbb46d1ad9ec2bb6693a0e4e0e4e0530b993fb4d5afed4dfb37fc19d13e3efc36ff00829c78c7c6b649f103c3fa44da75e786bc3ad65776f75aa5bdacf1992dec55c7c9230cab020d71dfb4cfc70f857f147f67bd2bf673fd9c7e0afc77bcd4efbe28785f5044f107c14d7ec2da086db53b36958cb2d8c50411a430ee3f7724331c924d277047e960e4503a0a620a2800a2800a2800a2800a2800a2800a2800a2803c5bf681d47c25e2bf14c1a31f8dbaa7856e7448a513c96d6d32da198ac538134abb5388909da183624e08ce0fa178a3e0bfc26f1b6a926b5e2ef879a4ea3752c5e5cb3ddd92bb3aed2bce472769233d7071401f087ed4ff00f04cff00d9abf6d6f154bf11be2efed5716b9aff00f63ada59de4525c5c259440a48ad05b8b9312eefbceacad1b9600a60015f775b7c12f843671c10da7c36d1a34b65658112c10040d8c8c01d0e050173e0ad4e1f007c3ff83da7fc12fdbcbe197863c5ff000cb40bb583c37fb417c1fd13fb3bfe119bc5c2c725edb59667d1ee17209bbb726df0417f2d4915fa05e14f86fe01f02e8b71e1df06f83b4ed32c2e9cb5cd9d9da2a472928109650307e5555e7b00281dcfc61f163c7f11ff00696f899abfc78f10eb3f1abe11f843fb37c2da6fc54b1b18752bcd32c2d63fb73dc5cdb5aecfb6c492de428f7901f34b471b796482cbf487c41ff820bf8afc0b16bfe22fd9abf6a4f10cd67aa78d2ebc4377f09b54bbfec7f0fea11cefbe4b259b4d54b8b327e5512447661103c4c052ea3d0e2359fda4bc47fb1b782b48f14f81bfe0a69a7fc62f83b7d07910691ff0905b7fc25da4c6237883db8965dfaaac724b1b3404a5c6230a0be0d6bfc3efd997f62897c7b04dfb38f8374afd98bf686d0635fed3f86ff132cd2ef4ff0011ab4db51a432bb0bf8a495be4bdb2984e0b80fc931900edbe047edd7fb0d7fc1443e21695fb255c7c43f197c58d49bc636fe26b38ff00e10ebed1adf413a7aadcc4f72d70519a249e30369dd97650148c1af0cfd85ffe110f8eff001f7e237c5ff14fc5e93e027c77f16f8ee7b3f871a9f86ede45f0f6b965a644965258c46e156df5780cd033490b6c9d4e190af502158fd8324e4f35f32f82bf6ecf14fc18f145a7c1cff8289f836c3e1feb373325b687f116c2666f09789a539c2c373273617071ff001ed725493feade514c2c37e28f8ae3d1fc4377f0efc47fb4de996175a4f8904c90dd783ae2e6e20178ef3db9591e561ba3557413261101c10a7155bf6a3f0aafed3fe17f0efc5cfd86f54f0278cf56f0d7c44b29fc5b1d96b569b75cd3a038bbd29eec4532c65c08b208e918f6a047b1feced6bae8f0c5eeb17df1ad3c6f617d7eeda65fa5a08c40aa4a3c418310e03291c018208e4e4d79c687f173f6e7f0ce950e85e1eff8272f86acacadc1105adb7c64b648e3049270a2c303924fe3401f4521273935f267c3efdbd3f6c1f899f133c71f09bc2dfb00e9adabfc3ebeb3b4f112cff17edd23592e6d96e22f2dbec2778f2d864e060f1401f52f8af5c6f0c785b52f12ad8497674ed3e6b916b09f9e6f2d0bec5f738c0fad7877fc2fbff82817fd23eb42ff00c3d36fff00c81401a9f0f3f6b8f117893c5b63e1ff001dfc1b9bc3b677bbc36a875569e38196ca0bb1bc341180a56711e73feb118608e6b2ff00e17dff00c140bfe91f5a17fe1e9b7ffe40a0083e2efed23f1e7c09ab78a6cad7c3da14165a5789ac6d6c752304926cb19ac9e632112cb024b2f9c8a980e8aa1f8dec0069ff00e17dff00c140bfe91f5a17fe1e9b7ffe40a00e01ff006e7fda45af35679fe15d8d888740596d74fb9d3e633db5d982d1f7cc3cd0cb0ef9e51e632a440463f78486c765e24fda7ff6e2f07787ef7c57e2cfd853c31a6e99a6dabdcea17f7bf1beda386de1452cf23b3586154004926803d57f671f887e29f8a3f08f4ff17f8d2c21b7d4e59ae61b916b1158a4f2e778d644f99832b2aab06566439f9588c1af90fe09ff00c162fe3b7c76f881a2fc3af0b7ec04fa75d78b348b9d57c0d79e22f8971d95b78a2cade4092cf6323d8fef42e55f6b04728c1c29539a00fbd1beed7cff00ff000beffe0a05ff0048fad0bff0f4dbff00f205005cf8c961e20d23c6da8e9fa6fc796d0af35c8d26b29bfb1eeeea5d3a37786100b24e208e22ea76968c1dcedc9c1ae5fc57e30fdb0bc73756f7be31ff008264f8475296d462092f3e2fdab941b83639d3f91b80383c6403d6801747b5d2df519759d3ff006e8b59f5d92c847797967616e5e4916698a33c6a492aabf208db8fdd93fc46aafecb5fb39fc61baf8d7e37f88df1e7e0a7863c1fe11d4f4ed2edfc2be01d3b5787535b3bab75985c5d9963b7880f3048abb4e7ee7a5033bffd9decbc47a96a71eab27ed51278d574eb631ea761f628e2c79a81a22eabca30218e48c9c95ed5e97e10f869f0ff00e1fbdcc9e08f06e9da535e153746c2d563f3704919da39c166fccd023e608f5d8ed3e2ff008e3c03e16f0aebbf072c3c11e2e69742b8d2b41927b0f1b5e5f598bbbbd4bcb8917ce4456911d7276480bb367681ebbe0af855f157c51f153e254bfb43789bc3be28f05ddebd6537c35d0a1b4533e876eb64897093b796a4bbce6471f337c8f8c81c500705713dcdaebf71fd95fb7b5bc324e9085b4bd87cd9e01b6491488cca01628d8394c1dbc8242e3daacff67bf81ba7cb34f61f09b4081ee22f2a578b4c8d4b2631b781c0fa500798f822dfc45aafc41b2d3344fdb286a2c2f99bfb1ae34e5f3ae22864dd22292e37fcbb909208c12d8ca823d6b44f837f0a7c37af45e29d03e1ee9367a94218457d6f648b2aee0c1be60339219813fed1f5a00bde3dd674bf0ff82f54d5f5ad5cd85b4363279978a8ccd165480caabf333648c01c938039abfaae95a66bba64fa36b5610dd5a5d44d15cdb5c461d2546182ac0f0411401f31ea4fe217b71a6dff00edd4ba45b3b4b1ad8eaba435b5e00b10859097955f86f9871bb3c862726bdcedff0067af81b6b7b0ea30fc28d085c5bc8648676d390bab924eec9192724f279e6803c8fc197b71a778f74893c59fb6baea96f6f3dab47a4b590821b92ed2c71c624dd97dc4100b3316da09dd9535ebff00f0a0be0a7db20d40fc2ed10cf6ceaf6f31d3d0bc6558bae0e3230c4903a03401d7514005140051400514005547d7b438b565d064d66d16f9e33225935c2895907f104ce71ef8a00b7485d0672c381cf3400b4d9678215df34c88b9032cc00c9381fcc7e7400eaf9c3fe0a17f1f7e367c2483e16f83bf67af17e87a3eb3e3ef8a763e19bdd5359d18ea29656f35b5c4a5c40258b2d98571961c13401f47d7ccd73e06fdbf6ca5b982f3fe0a23f0ca27b250d7892fc235530038c170755f941c8eb8eb40cfa66be33f137c60fdb8ff0067bfdae3e037c2df897fb43782fc71e18f8b1e22d534dd423d2fe1e9d326b74b6d2e7bc4923985ecc0e5a3518dbd09e6811f6651400579efc6bf1d7c77d0eefc39a47ecfbf08b4df14c9a9ebd1c1e21d5756f10c76565a258a906799c00f34d295cac71c68417c6f645e6803a4f1b78cae3c3fa3ea91f84f488f5ff1159e9325ed8785edf51820b9bd20108a0cac1635670137b61413c9ac6f027ece7f06fe1bfc50f14fc6af0a783238bc57e339a37f106bb737125c5c4e91a854851e56630c2b8c8863db18249db924d007917c5bfd8d22fdb93f67cd16fbf6cff837e1683e2768f657975e1c1a1ebf7a6dfc39a84a0f9324575198e432c7b62dd228e1958a7079fa3adf50b0bb328b5be864f265314de5ca0f96e00255b1d08047079e6803f23f54fd8c7fe0a11fb3e7ec73a07ec9ff00b616a3e1ad67e0a58b5c49aff897e13f82175ff10e8c5ee1a7fb44a97aaa76ab3bb9bbb681ee233ce0e37d7eb9cd716f042f35c4c891c6a4c8eec0051dc927a52b0ee7e5cafec75e02f04787adff00699596ebf6d5f81cfa6090278abc5926a7ad786ade28b6b3da4124ab637f1a80cce8f1c774841dace46daf69ff0082917ec29e2bd27e08fc44f8dbff0004f3875cf0f7c44f11e872d9eb9e14f07c900d37c5d15c7eea6371672b2c22e44723b2dd47b26e3197ceda0773c1ff00e0901a5fc6df845fb2849fb487ec3573e19f1f7837c53e2ed5755f167c0c5bb86df51d0636bb905ba585e672b74b68b6fbad6efe563f7244cf3cd7822d3e37ea5f183e1dfc18f057c01d0bf640f8bba078474eb1b1f19f897c5ad2c7e2d82189636b45b4b580d8eb580a331cf38b888b701719a00fd2ff00d9b7f6baf829fb536977aff0e35cb8b6d6f46711789bc1faeda3596b3a1cc7fe595dda49892239ce1b051c0ca330e6bf21bf6e097e3949f12b5ff08fed93e2bf114df1c7c3da7aa5878d7e19eaf6ba2e8d65a3df4ad0d9b451e9d01d5351ba99e3644d3272c095760ea819e80b1fa47fb180ff008cedfdabdbfea6ef0d0ffca2455f127c1ef887fb7eff00c13b3c3badfed23a8f80ece5f0978c25d2ff00b6a7f12f87adfec69f64b45b4877dc69daddf5d582f9683cc9a582e150ee6711a83862b1faff005e49fb1afed75e0dfdb17e16cfe37d0744b9d1359d17559748f177862fa54926d1f528829784c89f24d19564923993e59237471c1a047add7cbdfb68fc70fda6740fdab3e0d7eccdfb3c7c42f0ff0085c7c42b6d767d5b58d73c2e755318b1b78e58d52313c38c96209dd401f4b6bbaee8be17d16efc49e24d5adac34fb0b67b8bebebc99638ade2452cceeec4055001249e0015f15fed29fb1d7ed65fb4e784a2f87df18ffe0a4fe053e1ad3759827d7f40b4f86896f6baa3a36e8ecefc7f69ee780b00c60dca1f6e1b72e41066969ba7f897fe0ac7e3287c4de24b1bdd2bf669d075159747d2ae11a19fe265dc4d95b99d4e0ae928e03469c1b865dcc3cb0036a7c20f897fb597c24fdbbbc2ff00b227c5bf8b5e0ff15786358f8677fadd91f0f780ff00b19ac9ed6e208638971753298f6c878006302907a1ebdfb5c7ec93e11fda8fe0fc5e02875397c35aee817716a7e02f14e90812e7c3baa400fd9ee21c7f00fb8f1fdd9236642306baaf8fff001d7e1d7ecd1f0775ff008e5f15f566b3d0bc3b626e6f1e38f7c929c8548624eaf2c8e563441cb33a81d6988f36fd87bf6adf137c6dd2b59f833f1eb43b6f0f7c62f87924765e3ef0f5bb1f267dc0f93a9d996e64b3b9552e8dfc2c1d0f286bc1f59f825fb687ed57f19fc1dfb615ff008ffe1f7ecf3e27f0fe9770fa1684fa73eb9adde68d38dc6df5961776f0345c24861457f264076cd9ce419f7957cbfe06fdb03e377c20f8bfe14f829fb65e95e11bdd3be205eb69ff000fbe2a7c3e9255d3355d4551a4fb05d5a4cf2bd94cc88c5184d2c721565055860823ea0a28021d42fed34bb09f53bf984705b42d2cd237454504927e805713fb4d6b9f1b3c3df02fc47a97ece9f0ef4ef15f8d45898fc3fa1eb1729159dc4cec17f7ecee83ca504b300c090081c91401c4fec31a5fecf5e2df087893f6aefd9d75cd6b53d2fe33f889fc4975a86b48c8657545b55f2519159210b00d80e720e724115ec1e0fd06d3c2fe15d3fc3d63a3e9fa7c767671c62cb4ab5582da121465628d7844ce703b0a019a545001450014500145001450014500145001450014500703e31fd9dfc1fe34d6f52d72f35bd56d5f56785ef62b4921daef126c43b9e267036f05036c6e7729c9cf7d401e3d75fb12fc26bb8c07d7fc4eb2eddb25cc7ad112483796dac76f2bceddb8dbb542e30315ec3401e4ebfb1dfc358609a1b5f127892233a812cbfda68f2646cc30778cb29f9141c11b80c1ce063d62803e0eff0082827c37f877fb27d87c09f171d6f5a9342d37f682d2b52f106a9a917bc3670258dea6f6f2a3cac60b81d30322bed3f88fe21d4fc31e0cd4359d1ece1b8bb86022d629eee1813cc3c292f332a000907048ce31d68607c8fe34fdb93fe09c3adf8f753f19ea7fb60e99677dafe90da35a5b49e1cb80a6367591800610d2c9f27041040e79c023d1fc5be04f8f1f14b5ad0bc55f123e0cf83b50baf05ea9fda5e0dd68eb8f11b6bb36b2466ec2c726c70c0940ae31fbe076fca681e87cede38f8f5fb3bfc64fdb4ff637f873fb377c439fc570f823c51ad8d4e78f4ab8436b6dff0008fdd431c92b34288a0b6147b902becef841e26fda1b56bfb9b9f8cfe17f0c68da7db19c2c9a55f79eee55c04cb6fc200bb89c8ce71c2f705a137c66fda07c19f0c7c71e0bf83daad86bb79ae7c45d4a7d3f468740b4f31ed52385a49aee572408618d71973fc4ca0024e2bcf3e1178e3f6d5d2be31789edbf685d37469bc3d3788e697c2569e13f0c5cddac3a2f92de53497fbd14ce5914bc6622732617206ea00f4efd9e3f67af877fb31fc3483e17fc364bf92d12ea7bbbcd4358bf6babdd42ea690c92dcdc4cff0034b2bb124b1f6000000af11f12f88ff698d53c75ad5cf85f57f88f65e1c8f5f82d750b7baf0ca1bb7b4fb51f3aeec08b7d8912a6d8d541965742d26d52a0900fa9c8c8201c7b8af9b56f3f6d24f05e8dadadfeab26a32fc38d445d69b26976cac9a9acb17d9e69485ff8f9688be23188f70236d007729fb19fc231a95cea535febd39bcb97babb82e75632472dd3b297b8daca76c8c1554edc0da318158ba0f8b3f689f0e7c0cd6b57d2acb52d535483c4e62f0fc9e2ad1a67bb934d2d10324b05ba248cc09976fca0e029231cd006ddafec7df0f2dfc1bacf8227f16789aead35cba8a7bd7bcd4a395f72060000d16d2086c1dca73b54f500d72bf177e277c5cf127c3cf0bd8f862c3c69a178bafade36d562d1f420f16952c9006135e22a5c3f94adb82c5193bdc1467015980076da17ecafe01f0e784e6f07e9be20d7dade6d512f9a4bbd416e1fcc542807ef5195970d9e549042904150479ce8f71fb5cea577e28b28bc43e21b6b97f0e6acef7375a1c220b5bf4b8c580d3c3c6049e641b8b02640ac57761b82016fe23ffc132bf671f8bde1a7f08fc4dbaf10eb961248f218351d422942bb146de998bf76e0a643a6d605988393577c15ae7c6ed4fe3ce81a66ab7be33b5d3ed342b77f111d5346034bba9dacc66181e383fd60972f24924aa0361115b276807c71ff00050dfd837e35fc0ef8d9a37ed41fb3b695abf88b49d2ecbc3b2c572d6526b175a1ea5a1c1716d05c5edbaeeb8beb4b8b5ba95246856496295565d8e0b0afb83c53e23fdad340b7d62fbc39e10d3b54b94be6fb0c77f7b6d0580b5f30956560eb3061181bfcce371f94114ba8ee7e5afc50fdac6ebf6a2f87c9fb3cfc39f855e24b7f1adbb4d16a57fa75fdc6aee5eec482e1d349b7b24227952570ad722d1146d0cc1176d7e91785fc21f1bfc25e3cf12fc5bf007c36f013789fc6296d37890c7ab4fbef7c8b78e3b6dcc677440a8c577246370407f88600d0e6ff00e0933fb1f78ebf658f845e23f117c4fd21b46d73c79acdb6a07c2f25ea5cc9a1d8db594165676934c84a4d7020815a574254c8ec149001af68f85daefed2ba96b308f8b5e0df0fe9d60f6d279bfd9976d24a928588a1fbec08666954a8ce3cb0771dd4c47cdbff000504f89fe09f821ff0511fd9abe2d7c50d564d2fc39a669fe2c8b50d5cd8cd3456ef2d9c2b1abf948c54b1e064735f60f8def7c47a7785ef2f3c23a036a5a92c2459da24b1a1673c0399595700f24123205033e2ef15fed5bff04f8f171f153ea5fb67aeef16dcc5f6f7ff00843a5ca59c65f164bfe8a31190ee0b8c487731df939af74b8f897fb56e97a65cdcdff827c2d33da2796b1584e2e6e2f275645748a359d7380c5fe6d873f2955e18ad4343c17e197c77f837fb437fc159fc07af7c05f157f6fe8fa07c11d5ec2fefedb4bb8821b794de5a948c99635009552401d857d5df03fc41f1fbc43f6fbaf8d7e02d1b438bcb85b4a5d36f0cb23ee04b89064ed23e5fc491c8018960b9caff00c141ff00660d67f6bffd94fc43f05bc2daf43a6eb725c58eabe1ebbba52d00d42c2ee2bcb64980e4c4d2c088f8e76b123915ed34c47c4375fb687c28bff1358f88ff006bd9bc5ff06bc75a56852e9f3785b5ff0003497b656d76e8c925dd9dfc16f2dbdf2b03f27cee02f0514b303eb9e366f127837c51aadacffb5659d96ae75182e1b47d52e1fcab5b6b9b975b340a77105d91a2f94052148da4f3401e1ba0f85759fdb33c57f09fe19fc0bf07788acfe147c32f1d45e32f11fc4af16f8725d28f88af61695e2b3b0b69d52690bcd2f9b2dc98d62daa550b6703eb0fd9eed7e2abe8f77aafc4df8b5a4f8a59e4f26d1f4481160876b36e0c428264e429ec36f407340cf44ae3fe3ef8f7c79f0c7e0febbe37f85ff0b6f7c6be22b1b22da2f862c26489efee490a885dc8089920b3738504804f1408e13c56bf0f7e3f7ed57a27867c39f1e758b7d53e0d4ffdabe29f0668a648edaee5beb678ed16f665015b600f2ac1b8e4ed665c6daf44f863e0bd3fc3fa74de2cbef87da1685e27f12adbdef8c4e871a91757e2148d8bcdb15ae362a88d5dc676a8e9d2803a7a2800a2800a2800a2800a2800a2800a2800a2800a2800a2800a2800a2800a280303e21fc3bd23e23e910697aa5edcdb35a5ea5ddadcdaf965a3950100ed915d186188c3291ce7a806b7e803e45fdb1be0578c3e1d37863c53f0c7e1378afe22e8d7de2036fe3bd2f4abc81efacb4f681f6dcda42d24092cab308c0de5822921540e2bebaa00f83bf6c6f869fb35fc33fd916db55f8ade19f8eb6fa57c48907876e744f0fde5bbeb36f36abfbb58255797647233909b91d8ee6e49eb5f53fed41aef8ebc3de11d06f7c05f036d3c7d3c9e34d2a1bed32ed15bec168f70165d41030237c0a7cc1d0f07068195bc61f181fe02fc3af095b785ff00670f887e24b6b9b186da1d27c2fa5db4f73a4c6912055b912dcc6a840f94ed67e54fd6bd4e811e7bf14fe3ceaff0cfc4ba0f876c7f67ef1ff8a535c6512ea5e17d32da6b6d2f2eab9ba696e2364c6edc76abf0a7e95e85401c178dbe38ea9e0df8a9a37c33b6f811e3ad6a0d5d51a4f14e8ba6db49a5e9fb988c5c48f70922118c9db1b7045637ed4ffb3b78cff698d174bf8776df1cf58f0878425b973e35b0f0d45e4ea1ae5aedf96d23be0c1ece32dfeb1a35f31d4950c9926819e0bf193fe0a71ac7c58fda71bfe09fbfb02e8d1eb7e3d78e47f117c44be852e340f0b5946512e6e57cb9337b710c92c519b71b42c92a076032297c1bf0b7e1d7c15ff82be7817e187c27f06e9fe1fd0349fd98b5b8ac34ad2ed9628a25fedcd2b2703ab13c96396624924939a41a1dd7ec8df0c3c27fb39fc5df107c33b5f845f1375df156b4a975e32f8e7e2db4b6920f125c24619409c4e5e38d4c8c91c090a471e1801fc47e95a62b9c07817e39eabe35f8a3adfc35b9f80be3cd0e0d18b88fc51ae69b6d1e99a96d60bfe8d225c3c8f9ce46e8d781dba577f401e7df0b3e3bea9f13b5af10e8d7bf007c7de175d05888af7c51a5db4106ab8675cda98ae242e3e4cfcc13875f538f41a00f2bf097c62b8f8dff000e3c59ff00090fece7f117c350d9d9cd6cfa5788f4cb582ef558da260c2d563b9915b23e51bca72457aa5007c81fb14fc1bd7fc67e39f117893c67f00bc63e04f09f87f51d317c01078c2ee18f53d4121b64dff6a8a19a55f2a170b14432bf246a39c66bebfa004dabe94b40051401e41ae7ec4ff07f5dd7354f10cd7faf4171aacf7334c6d354f2c4325c32999e3017e467d91e48e4f96be95ebf4015f49d2ecb43d2edf46d36111dbdac2b14283b2a8c01fa558a0028a00e43c5df01be1178efc49ff097f8bbc0f6b7da9792b17dae567ddb17a0e180e2bafe9d68030f48d17c07f083c1525ae990da68ba1e9714d753b3c9b21b7425a59646663c0c966249f5ae53c43e22f8afe29f8e9ff0a827f8116177f0d65f0c4937887c5badea313c779712b144b082d007697e50cd2b4a1136b285dc49a00e7be0de99e1bfda07e28699fb717807e3cf88b59f07eabe0efecef0a78584325a69881a7669b5031b0579e497622ab4808544ca70e49f60d2749d2b41d2edf44d0f4cb7b2b2b48561b4b3b485638a18d4615111400aa0000003000a00b1450014500145001450014500145001450014500145001450014500145001450014500145001450072ff1b7c0fe26f899f083c4df0fbc17e3cbcf0b6b1ace897369a5f8934f27cfd32e1e32b1dc260824a310d8c8ce31915d4500713fb3b789f4ef127c21d1adadfe2e693e39bfd16d868fe20f12e8d2298aef53b4020bb2555dfcb7f391f74658953904f15c6e9da668dfb327c6ed37c0bf08ff00664be1e1cf8a3ae6a3aaf8b7c59e1f99e5874dd64c6afe75ddb9cf951ce108f35085f30282b96cd007b451401f327ed45fb4ff00ed3be18fdb1bc09fb237ecd9e1ef02bdd78afc11ab7886ef55f1b4b78238459dc5b43e520b60492df68ce4ff0076bcfbf6aaf8b9f0b3e0cffc1633e0cf8afe2efc47d0fc2fa5b7c14f14c2ba8f883558ace0321bfd3b081e5655dc7078ce78a015c9ef3f668ff829e5e7ed75a7fed712789fe038d6b4ff0087f77e148b490dacf90f6f71796f74d313b376f0d6c8a074c31ef8aecfc75fb4b7ec1fe34f8d1e16f8b23f6def83d687c332bc83cbf13589bbb90d14b1989a7fb481e57ef3705d87041f5e15d0f524f80bfb4c7ed5edfb6cea3fb217ed2da07c3f2f17c388fc5365aaf8224bd230f7ad6de4b8ba03fb85b207715e79f0efe2e7c2af8fdff058bd7355f81df18342f105aa7ece10da49abf8675582f92d273abcc705a36650e032b6d3ea28067dc35e21a67ec99e33f0edcd87877c37fb40f8961f0dda9679217bd617818b33b46af1ec528eee598b29618014814c47b7d78fdb7ecafe224b9b47befda3fc6d770dbcacf343717fbbcfccab20c92485236f0c00232718e9401ec191eb5e3bac7eca5ad6ad0c5e67ed05e2dfb44737da0ddbdc0dfe7f95e599004da0123d8e3036edc64807b1579ffc2af81b7df0e3c4b3789f56f8a1ae788ee25d263b00fac4db884572fbbae33938e0038ea58f3401e81450014500145001450015e2df143c6537ed4fe1ff00157c13fd937f6a2b3f0d789bc2fe22b3d3fc6daee93a60bdb9d210912cd6b0b49fb94bb68b80c449e56ecb2671400df1bf8dbc31fb567893e22fec69a643f10742b7d334686dbc47e3cd063fecf8a19ae3e63676975282cf379582cf1232aac98de1ba7b358db359d9c368f7524ed144a8d3cc41790818dcd80064f538028033bc05e07f0d7c33f05693f0f7c1d626db4ad174f8acb4fb7695a4290c6a1541662598e00c924927935ad400514005140051400514005140051400514005140051400514005140051400514005140051400514005140051400cb8845cdbbdbb48e82442a5a372ac3231904743ef4fa00f08d0fc71e19fd82bc0fa0f823f69bfda5b5af1159788bc60fa5f85fc59e2ad370d686e189b5b1bdbc8c7965b71f29279761918a29cb75f6fd5348d275cb4fb06b5a5dbde41e62bf937502c89b95832b6181190c0107b100d00721f1bfc331eaba141ace9df08b43f176a36d3058ed758b38a4c42412c15dc1d99217a03f435c6f8cff00660f89be2bfda00fc569bf68fbe9fc30da7b451f81f54f0bd85cc7a7cf98c89ecae0a2bc2df2649904c72c705471401c7dec9e3a82d9e5b3ff008270f87a7905ac2e9195d3d374a73e6213b0e00c0c37a9e40ac1f03fc35d6fc7da578ae3f8ddabfc57f86d3784ae1a56d6fc4fe20b6fece6b5293a9bab5b986e1e365319df21936b4671c2d007befc12f0e58da69b71ae5d7c12d1bc1da8bcad0b41a759428ef10c11978d46e19fc0e322b1ff00672f00f86744b57f18f813e3ede78d745bcd3e0b5b561ac25eda2f94a06f8dd198648ec0e307bf5a00f52a2800a2800a2800a2800ac3bdf89df0d74ef1a5afc37d43e216870788af919ecb409b56856f6e1554bb1480b798e0282c4807006680372bce7c1ff143e297c49f19f8bbc17ff0a47c41e0ed2347492d345f1a6bb359b2ea7761990c96f6892bb9817e575925d81fa6d1401b7f1abe397c26fd9d7e1f5e7c53f8d5e3ab1f0f685645565bebe931be463848a3519696576c2ac680b3120004d677c1ef835aef81bc0cbe1cf8b5f16356f893aa3ea4750b8d67c5161689b27c82a20860892382342014501997aee279a00cdd57fe1a07e23fc48f0678c3e187c41d0b43f86bf601a8eb76d79a04f26b1abbbafeead8098a2d9c41583b31532ee50bb5464d7a750065f85bc13e0df03dbdd5a782fc29a769315f5f4b7b7b1e9b64902cf732b6e92670806e918f2cc7927a9ad4a0028a0028a0028a0028a0028a0028a0028a0028a0028a0028a0028a0028a0028a0028a0028a0028a0028a0028a0028a0028a0028a0028a0028a008751d374ed62c26d2b56b086ead6e2331dc5b5cc41e39508c15656043023b1a280387bcfd98fe098f857aa7c19f09782e3f09681abdc3dc5e41e05b8934397cf660cd324b62d13c7212a0975209c7391450051d5fe0178cac3e08e9bf083e147ed1be30f0dde6972a187c5d7cf6facea53c619898a77bf8e41283b802c46fc2801851400ff00891f0ebf690d63c03a0f873e157ed1f65a0eb760506b9e22d5bc170ea0da9a84c122012c4903337cd95c81d00a28027f8abf0c3e34f8e23d017c05fb48df7839b4d39d6ce9de1ab2bafed73f2707ed0afe40f95bee73f3f5e05140078fff0066df07fc4cf8a3a0fc55f13f8cbc66971e1d08d63a3695e32beb1d325951f7acb3dadbc88970d9e3128652382a68a00de87e0e7c24b7f88d71f1861f863e1f5f165d4090dcf89868f0fdbe58d176a235c6df30aaaf0067007145007494500145001450014500145001450014500145001450014500145001450014500145001450014500145007ffd9, 'form-medicina3.jpg'),
(14, 2, 'La Dra. Rodríguez, médica de familia, está atendiendo a una pareja, Juan y Ana, que han decidido adoptar a un niño. Han pasado por un proceso de adopción exitoso y están emocionados, pero también preocupados por cómo abordar la adaptación del niño a su nuevo entorno familiar. El niño, Carlos, de 5 años, ha estado en diferentes hogares de acogida antes de ser adoptado por Juan y Ana. Durante la consulta, Juan y Ana mencionan que Carlos parece retraído y tiene dificultades para comunicarse. Una estrategia clave para abordar la adaptación de Carlos a su nueva familia adoptiva es', 11, 20.28, NULL, NULL),
(15, 2, 'La promoción de la salud permite que las personas tengan un mayor control de su propia salud. Abarca una amplia gama de intervenciones sociales y ambientales destinadas a beneficiar y proteger la salud y la calidad de vida individuales mediante la prevención y solución de las causas primordiales de los problemas de salud, y no centrándose únicamente en el tratamiento y la curación. Es un componente esencial de la promoción de la salud', 12, 9.49, NULL, NULL),
(16, 2, 'Según Erik Erikson desde el nacimiento hasta la vejez pasamos por 8 conflictos que permiten el desarrollo psicosocial y personal del individuo. Según Erikson, las fuerzas distónicas en el individuo hacen referencia a', 13, 12.56, NULL, NULL),
(17, 2, 'El contexto de la medicina familiar se centra en la atención integral, continua y centrada en el paciente en el nivel de atención primaria de salud. Los médicos de familia desempeñan un papel esencial en la prevención, diagnóstico y tratamiento de enfermedades, así como en la promoción de la salud en un entorno que considera las necesidades y circunstancias individuales de los pacientes. Las siguientes es una característica esencial de la atención familiar', 14, 17.67, NULL, NULL),
(18, 2, 'Es usted un médico de familia tratando a la paciente, María, que ha estado experimentando síntomas de depresión. María menciona que ha tenido dificultades en su familia y se siente aislada. Como médico decide utilizar un instrumento para evaluar la dinámica familiar y la posible influencia de los factores familiares en la depresión de María. Para ello la mejor opción es', 15, 20.28, NULL, NULL),
(19, 2, 'La estructura familiar es un sistema dinámico de relaciones sociales, que hace referencia al tamaño y composición de la familia, por lo tanto, una familia integrada por una pareja, con un hijo de 9 años y tres sobrinos de 5,6 y 8 años se clasifica como', 16, 9.49, NULL, NULL),
(20, 2, 'En el ámbito de la medicina familiar, el entendimiento de las diferentes etapas del ciclo de vida de una familia es esencial para brindar una atención de salud efectiva y centrada en el paciente. Cada etapa del ciclo de vida familiar presenta desafíos y dinámicas únicas que pueden influir en la salud y el bienestar de sus miembros. Por lo cual, la característica que mejor describe a una familia madura es', 17, 12.56, NULL, NULL),
(21, 2, 'El Dr. Martínez, un médico de familia, está atendiendo a un paciente, Carlos, de 65 años, quien se acerca a su consulta con preocupaciones sobre su salud en relación con su reciente jubilación. Carlos ha sido recientemente jubilado de su trabajo después de décadas de empleo. Durante la consulta, menciona sentirse ansioso y preocupado por cómo estructurar su vida ahora que ya no está trabajando. También menciona que ha notado un aumento en su presión arterial y dificultades para dormir desde su jubilación. Un aspecto clave a considerar al abordar la situación de Carlos es', 18, 17.67, NULL, NULL),
(22, 2, 'Un médico de familia está tratando a un paciente, Juan, que ha sido diagnosticado con diabetes tipo 2. Durante la consulta, Juan menciona que vive solo y está lidiando con la gestión de su enfermedad. El médico decide utilizar un instrumento para evaluar el entorno y las relaciones sociales de Juan, así como su apoyo familiar.', 19, 20.28, NULL, NULL);

-- --------------------------------------------------------

--
-- Estructura de tabla para la tabla `programa`
--

CREATE TABLE `programa` (
  `id` int(11) NOT NULL,
  `id_nivel` int(11) NOT NULL,
  `nombre` varchar(255) NOT NULL,
  `id_campus` int(11) NOT NULL
) ENGINE=InnoDB DEFAULT CHARSET=utf8mb4 COLLATE=utf8mb4_spanish_ci;

--
-- Volcado de datos para la tabla `programa`
--

INSERT INTO `programa` (`id`, `id_nivel`, `nombre`, `id_campus`) VALUES
(1, 3, 'Medicina', 1),
(2, 1, 'Técnico en Sistemas', 1),
(3, 2, 'Tecnólogo en Sistemas', 1),
(4, 3, 'Ingeniería de Sistemas', 1),
(5, 1, 'Técnico en Contabilidad', 2),
(6, 2, 'Tecnólogo en Contabilidad y Finanzas', 2),
(7, 3, 'Contaduría Pública', 2),
(8, 1, 'Técnico en Desarrollo de Software', 1),
(9, 2, 'Tecnólogo en Desarrollo de Software', 2),
(10, 3, 'Ingeniería de Software', 1),
(11, 1, 'Técnico en Electrónica', 2),
(12, 2, 'Tecnólogo en Electrónica Industrial', 1),
(13, 3, 'Ingeniería Electrónica', 2),
(14, 1, 'Técnico en Logística', 1),
(15, 2, 'Tecnólogo en Gestión Logística', 2),
(16, 3, 'Administración Logística', 1),
(17, 1, 'Técnico en Gestión Ambiental', 2),
(18, 2, 'Tecnólogo en Saneamiento Ambiental', 1),
(19, 3, 'Ingeniería Ambiental', 2);

-- --------------------------------------------------------

--
-- Estructura de tabla para la tabla `relacion_cuestionario_programa`
--

CREATE TABLE `relacion_cuestionario_programa` (
  `id` int(11) NOT NULL,
  `id_cuestionario` int(11) NOT NULL,
  `id_programa` int(11) NOT NULL,
  `id_docente` int(11) NOT NULL,
  `activo` tinyint(1) NOT NULL DEFAULT 1
) ENGINE=InnoDB DEFAULT CHARSET=utf8mb4 COLLATE=utf8mb4_spanish_ci;

--
-- Volcado de datos para la tabla `relacion_cuestionario_programa`
--

INSERT INTO `relacion_cuestionario_programa` (`id`, `id_cuestionario`, `id_programa`, `id_docente`, `activo`) VALUES
(1, 1, 10, 6, 1),
(2, 2, 1, 6, 1);

-- --------------------------------------------------------

--
-- Estructura de tabla para la tabla `respuesta_estudiante`
--

CREATE TABLE `respuesta_estudiante` (
  `id` int(11) NOT NULL,
  `id_intento` int(11) NOT NULL,
  `id_pregunta` int(11) NOT NULL,
  `id_opcion_seleccionada` int(11) DEFAULT NULL,
  `fecha_respuesta` datetime DEFAULT current_timestamp()
) ENGINE=InnoDB DEFAULT CHARSET=utf8mb4 COLLATE=utf8mb4_spanish_ci;

--
-- Índices para tablas volcadas
--

--
-- Indices de la tabla `apertura`
--
ALTER TABLE `apertura`
  ADD PRIMARY KEY (`id`),
  ADD UNIQUE KEY `id_periodo` (`id_periodo`,`id_relacion_cuestionario_programa`),
  ADD KEY `id_relacion_cuestionario_programa` (`id_relacion_cuestionario_programa`);

--
-- Indices de la tabla `asignacion`
--
ALTER TABLE `asignacion`
  ADD PRIMARY KEY (`id`),
  ADD UNIQUE KEY `id_apertura` (`id_apertura`,`id_estudiante`),
  ADD KEY `id_estudiante` (`id_estudiante`);

--
-- Indices de la tabla `campus`
--
ALTER TABLE `campus`
  ADD PRIMARY KEY (`id`);

--
-- Indices de la tabla `cuestionario`
--
ALTER TABLE `cuestionario`
  ADD PRIMARY KEY (`id`);

--
-- Indices de la tabla `docente`
--
ALTER TABLE `docente`
  ADD PRIMARY KEY (`id`),
  ADD KEY `programa_id` (`programa_id`);

--
-- Indices de la tabla `estudiante`
--
ALTER TABLE `estudiante`
  ADD PRIMARY KEY (`id`),
  ADD UNIQUE KEY `identificacion` (`identificacion`,`id_programa`),
  ADD KEY `estudiante_ibfk_1` (`id_programa`);

--
-- Indices de la tabla `intento_cuestionario`
--
ALTER TABLE `intento_cuestionario`
  ADD PRIMARY KEY (`id`),
  ADD KEY `id_estudiante` (`id_estudiante`),
  ADD KEY `id_apertura` (`id_apertura`);

--
-- Indices de la tabla `nivel`
--
ALTER TABLE `nivel`
  ADD PRIMARY KEY (`id`);

--
-- Indices de la tabla `opcion_respuesta`
--
ALTER TABLE `opcion_respuesta`
  ADD PRIMARY KEY (`id`),
  ADD KEY `id_pregunta` (`id_pregunta`);

--
-- Indices de la tabla `periodo`
--
ALTER TABLE `periodo`
  ADD PRIMARY KEY (`id`);

--
-- Indices de la tabla `preguntas`
--
ALTER TABLE `preguntas`
  ADD PRIMARY KEY (`id`),
  ADD KEY `id_cuestionario` (`id_cuestionario`);

--
-- Indices de la tabla `programa`
--
ALTER TABLE `programa`
  ADD PRIMARY KEY (`id`),
  ADD KEY `id_nivel` (`id_nivel`),
  ADD KEY `id_campus` (`id_campus`);

--
-- Indices de la tabla `relacion_cuestionario_programa`
--
ALTER TABLE `relacion_cuestionario_programa`
  ADD PRIMARY KEY (`id`),
  ADD UNIQUE KEY `id_cuestionario` (`id_cuestionario`,`id_programa`),
  ADD KEY `id_programa` (`id_programa`),
  ADD KEY `id_docente` (`id_docente`);

--
-- Indices de la tabla `respuesta_estudiante`
--
ALTER TABLE `respuesta_estudiante`
  ADD PRIMARY KEY (`id`),
  ADD KEY `id_pregunta` (`id_pregunta`),
  ADD KEY `id_opcion_seleccionada` (`id_opcion_seleccionada`),
  ADD KEY `id_intento` (`id_intento`);

--
-- AUTO_INCREMENT de las tablas volcadas
--

--
-- AUTO_INCREMENT de la tabla `apertura`
--
ALTER TABLE `apertura`
  MODIFY `id` int(11) NOT NULL AUTO_INCREMENT, AUTO_INCREMENT=7;

--
-- AUTO_INCREMENT de la tabla `asignacion`
--
ALTER TABLE `asignacion`
  MODIFY `id` int(11) NOT NULL AUTO_INCREMENT;

--
-- AUTO_INCREMENT de la tabla `campus`
--
ALTER TABLE `campus`
  MODIFY `id` int(11) NOT NULL AUTO_INCREMENT, AUTO_INCREMENT=3;

--
-- AUTO_INCREMENT de la tabla `cuestionario`
--
ALTER TABLE `cuestionario`
  MODIFY `id` int(11) NOT NULL AUTO_INCREMENT, AUTO_INCREMENT=3;

--
-- AUTO_INCREMENT de la tabla `docente`
--
ALTER TABLE `docente`
  MODIFY `id` int(11) NOT NULL AUTO_INCREMENT, AUTO_INCREMENT=7;

--
-- AUTO_INCREMENT de la tabla `estudiante`
--
ALTER TABLE `estudiante`
  MODIFY `id` int(11) NOT NULL AUTO_INCREMENT, AUTO_INCREMENT=4;

--
-- AUTO_INCREMENT de la tabla `intento_cuestionario`
--
ALTER TABLE `intento_cuestionario`
  MODIFY `id` int(11) NOT NULL AUTO_INCREMENT;

--
-- AUTO_INCREMENT de la tabla `nivel`
--
ALTER TABLE `nivel`
  MODIFY `id` int(11) NOT NULL AUTO_INCREMENT, AUTO_INCREMENT=5;

--
-- AUTO_INCREMENT de la tabla `opcion_respuesta`
--
ALTER TABLE `opcion_respuesta`
  MODIFY `id` int(11) NOT NULL AUTO_INCREMENT, AUTO_INCREMENT=107;

--
-- AUTO_INCREMENT de la tabla `periodo`
--
ALTER TABLE `periodo`
  MODIFY `id` int(11) NOT NULL AUTO_INCREMENT, AUTO_INCREMENT=6;

--
-- AUTO_INCREMENT de la tabla `preguntas`
--
ALTER TABLE `preguntas`
  MODIFY `id` int(11) NOT NULL AUTO_INCREMENT, AUTO_INCREMENT=30;

--
-- AUTO_INCREMENT de la tabla `programa`
--
ALTER TABLE `programa`
  MODIFY `id` int(11) NOT NULL AUTO_INCREMENT, AUTO_INCREMENT=20;

--
-- AUTO_INCREMENT de la tabla `relacion_cuestionario_programa`
--
ALTER TABLE `relacion_cuestionario_programa`
  MODIFY `id` int(11) NOT NULL AUTO_INCREMENT, AUTO_INCREMENT=3;

--
-- AUTO_INCREMENT de la tabla `respuesta_estudiante`
--
ALTER TABLE `respuesta_estudiante`
  MODIFY `id` int(11) NOT NULL AUTO_INCREMENT;

--
-- Restricciones para tablas volcadas
--

--
-- Filtros para la tabla `apertura`
--
ALTER TABLE `apertura`
  ADD CONSTRAINT `apertura_ibfk_1` FOREIGN KEY (`id_periodo`) REFERENCES `periodo` (`id`) ON DELETE CASCADE ON UPDATE CASCADE,
  ADD CONSTRAINT `apertura_ibfk_2` FOREIGN KEY (`id_relacion_cuestionario_programa`) REFERENCES `relacion_cuestionario_programa` (`id`) ON DELETE CASCADE ON UPDATE CASCADE;

--
-- Filtros para la tabla `asignacion`
--
ALTER TABLE `asignacion`
  ADD CONSTRAINT `asignacion_ibfk_1` FOREIGN KEY (`id_apertura`) REFERENCES `apertura` (`id`) ON DELETE CASCADE ON UPDATE CASCADE,
  ADD CONSTRAINT `asignacion_ibfk_2` FOREIGN KEY (`id_estudiante`) REFERENCES `estudiante` (`id`) ON DELETE CASCADE ON UPDATE CASCADE;

--
-- Filtros para la tabla `docente`
--
ALTER TABLE `docente`
  ADD CONSTRAINT `docente_ibfk_1` FOREIGN KEY (`programa_id`) REFERENCES `programa` (`id`) ON DELETE CASCADE ON UPDATE CASCADE;

--
-- Filtros para la tabla `estudiante`
--
ALTER TABLE `estudiante`
  ADD CONSTRAINT `estudiante_ibfk_1` FOREIGN KEY (`id_programa`) REFERENCES `programa` (`id`) ON DELETE CASCADE ON UPDATE CASCADE,
  ADD CONSTRAINT `programa_id` FOREIGN KEY (`id_programa`) REFERENCES `programa` (`id`) ON DELETE CASCADE ON UPDATE CASCADE;

--
-- Filtros para la tabla `intento_cuestionario`
--
ALTER TABLE `intento_cuestionario`
  ADD CONSTRAINT `intento_cuestionario_ibfk_1` FOREIGN KEY (`id_estudiante`) REFERENCES `estudiante` (`id`) ON DELETE CASCADE ON UPDATE CASCADE,
  ADD CONSTRAINT `intento_cuestionario_ibfk_2` FOREIGN KEY (`id_apertura`) REFERENCES `apertura` (`id`) ON DELETE CASCADE ON UPDATE CASCADE;

--
-- Filtros para la tabla `opcion_respuesta`
--
ALTER TABLE `opcion_respuesta`
  ADD CONSTRAINT `opcion_respuesta_ibfk_1` FOREIGN KEY (`id_pregunta`) REFERENCES `preguntas` (`id`) ON DELETE CASCADE ON UPDATE CASCADE;

--
-- Filtros para la tabla `preguntas`
--
ALTER TABLE `preguntas`
  ADD CONSTRAINT `preguntas_ibfk_1` FOREIGN KEY (`id_cuestionario`) REFERENCES `cuestionario` (`id`) ON DELETE CASCADE ON UPDATE CASCADE;

--
-- Filtros para la tabla `programa`
--
ALTER TABLE `programa`
  ADD CONSTRAINT `programa_ibfk_1` FOREIGN KEY (`id_nivel`) REFERENCES `nivel` (`id`) ON DELETE CASCADE ON UPDATE CASCADE,
  ADD CONSTRAINT `programa_ibfk_2` FOREIGN KEY (`id_campus`) REFERENCES `campus` (`id`) ON DELETE CASCADE ON UPDATE CASCADE;

--
-- Filtros para la tabla `relacion_cuestionario_programa`
--
ALTER TABLE `relacion_cuestionario_programa`
  ADD CONSTRAINT `relacion_cuestionario_programa_ibfk_1` FOREIGN KEY (`id_cuestionario`) REFERENCES `cuestionario` (`id`) ON DELETE CASCADE ON UPDATE CASCADE,
  ADD CONSTRAINT `relacion_cuestionario_programa_ibfk_2` FOREIGN KEY (`id_programa`) REFERENCES `programa` (`id`) ON DELETE CASCADE ON UPDATE CASCADE,
  ADD CONSTRAINT `relacion_cuestionario_programa_ibfk_3` FOREIGN KEY (`id_docente`) REFERENCES `docente` (`id`) ON DELETE CASCADE ON UPDATE CASCADE;

--
-- Filtros para la tabla `respuesta_estudiante`
--
ALTER TABLE `respuesta_estudiante`
  ADD CONSTRAINT `respuesta_estudiante_ibfk_1` FOREIGN KEY (`id_intento`) REFERENCES `intento_cuestionario` (`id`) ON DELETE CASCADE ON UPDATE CASCADE,
  ADD CONSTRAINT `respuesta_estudiante_ibfk_2` FOREIGN KEY (`id_pregunta`) REFERENCES `preguntas` (`id`) ON DELETE CASCADE ON UPDATE CASCADE,
  ADD CONSTRAINT `respuesta_estudiante_ibfk_3` FOREIGN KEY (`id_opcion_seleccionada`) REFERENCES `opcion_respuesta` (`id`) ON DELETE CASCADE ON UPDATE CASCADE;
COMMIT;

/*!40101 SET CHARACTER_SET_CLIENT=@OLD_CHARACTER_SET_CLIENT */;
/*!40101 SET CHARACTER_SET_RESULTS=@OLD_CHARACTER_SET_RESULTS */;
/*!40101 SET COLLATION_CONNECTION=@OLD_COLLATION_CONNECTION */;
